,0,1,2,3,4,5,6,7,8,9,10,11,12,13,14,15,16,17
abandoned,0.0,0.0,0.0,0.0,0.0,0.0,0.0,0.0,0.0,0.0,0.0,0.0,0.0,0.0,0.0,0.0,0.0,0.15159321423764988
ability,0.0,0.0,0.0,0.0,0.0,0.0,0.0,0.06367053806968928,0.0,0.0,0.0,0.0,0.0,0.0,0.0,0.0,0.0,0.0
able,0.0,0.0,0.0,0.0,0.0,0.0,0.0,0.0,0.0,0.0,0.0,0.0,0.0,0.13571910750670177,0.0,0.0,0.0,0.0
abroad,0.0,0.0,0.06880364001598785,0.0,0.0,0.0,0.0,0.0,0.0,0.0,0.0,0.0,0.0,0.0,0.0,0.0,0.0,0.0
absurdlynormallifeoflawrencehadley,0.0,0.0,0.0,0.0,0.0,0.0,0.0,0.0,0.2695239331534374,0.0,0.0,0.0,0.0,0.0,0.0,0.0,0.0,0.0
act,0.0,0.0,0.0,0.0,0.0,0.0,0.0,0.06367053806968928,0.0,0.0,0.0,0.0,0.0,0.0,0.0,0.0,0.0,0.0
address,0.0,0.0,0.0,0.09318079134996461,0.0,0.0,0.0,0.0,0.0,0.0,0.0,0.0,0.0,0.0,0.0,0.0,0.0,0.0
adorable,0.0,0.0,0.06880364001598785,0.0,0.0,0.0,0.0,0.0,0.0,0.0,0.0,0.0,0.0,0.0,0.0,0.0,0.0,0.0
affair,0.0,0.0,0.0,0.0,0.0,0.0,0.0,0.0,0.0,0.0,0.18916361875898466,0.0,0.0,0.0,0.0,0.0,0.0,0.0
ago,0.0,0.0,0.05721366992388824,0.0,0.0,0.0,0.1397181022931106,0.0,0.0,0.0,0.0,0.0,0.0,0.0,0.0,0.0,0.0,0.0
alarm,0.0,0.0,0.0,0.0,0.0,0.0,0.0,0.06367053806968928,0.0,0.0,0.0,0.0,0.0,0.0,0.0,0.0,0.0,0.0
alberta,0.0,0.0,0.0,0.0,0.0,0.0,0.0,0.0,0.0,0.0,0.0,0.0,0.0,0.0,0.21870990353556213,0.0,0.0,0.0
alt_human,0.0,0.0,0.0,0.0,0.0,0.0,0.0,0.0,0.0,0.0,0.0,0.1823806881209695,0.0,0.0,0.0,0.0,0.0,0.0
amulet,0.0,0.0,0.0,0.0,0.0,0.158835054413189,0.0,0.0,0.0,0.0,0.0,0.0,0.0,0.0,0.0,0.0,0.0,0.0
animal,0.0,0.0,0.0,0.0,0.0,0.0,0.0,0.06367053806968928,0.0,0.0,0.0,0.0,0.0,0.0,0.0,0.0,0.0,0.0
animals,0.0,0.0,0.0,0.0,0.0,0.0,0.0,0.06367053806968928,0.0,0.0,0.0,0.0,0.0,0.0,0.0,0.0,0.0,0.0
antique,0.0,0.0,0.0,0.09318079134996461,0.0,0.0,0.0,0.0,0.0,0.0,0.0,0.0,0.0,0.0,0.0,0.0,0.0,0.0
appealed,0.0,0.0,0.0,0.0,0.0,0.0,0.16802127929707258,0.0,0.0,0.0,0.0,0.0,0.0,0.0,0.0,0.0,0.0,0.0
appearance,0.0,0.0,0.0,0.0,0.0,0.0,0.0,0.06367053806968928,0.0,0.0,0.0,0.0,0.0,0.0,0.0,0.0,0.0,0.0
apprentice,0.0,0.0,0.0,0.09318079134996461,0.0,0.0,0.0,0.0,0.0,0.0,0.0,0.0,0.0,0.0,0.0,0.0,0.0,0.0
approved,0.0,0.0,0.0,0.0,0.0,0.0,0.0,0.0,0.0,0.0,0.0,0.1823806881209695,0.0,0.0,0.0,0.0,0.0,0.0
armchairmystery,0.0,0.0,0.0,0.0,0.0,0.158835054413189,0.0,0.0,0.0,0.0,0.0,0.0,0.0,0.0,0.0,0.0,0.0,0.0
armies,0.0,0.0,0.06880364001598785,0.0,0.0,0.0,0.0,0.0,0.0,0.0,0.0,0.0,0.0,0.0,0.0,0.0,0.0,0.0
aroma,0.0,0.0,0.0,0.09318079134996461,0.0,0.0,0.0,0.0,0.0,0.0,0.0,0.0,0.0,0.0,0.0,0.0,0.0,0.0
arrived,0.0,0.0,0.0,0.09318079134996461,0.0,0.0,0.0,0.0,0.0,0.0,0.0,0.0,0.0,0.0,0.0,0.0,0.0,0.0
attached,0.0,0.0,0.0,0.0,0.0,0.0,0.0,0.0,0.0,0.0,0.15729901561559687,0.0,0.0,0.11285722990017379,0.0,0.0,0.0,0.0
attempt,0.0,0.0,0.0,0.09318079134996461,0.0,0.0,0.0,0.0,0.0,0.0,0.0,0.0,0.0,0.0,0.0,0.0,0.0,0.0
auction,0.0,0.0,0.0,0.09318079134996461,0.0,0.0,0.0,0.0,0.0,0.0,0.0,0.0,0.0,0.0,0.0,0.0,0.0,0.0
aunt,0.0,0.0,0.0,0.0,0.0,0.0,0.0,0.06367053806968928,0.0,0.0,0.0,0.0,0.0,0.0,0.0,0.0,0.0,0.0
auntie,0.0,0.0,0.0,0.0,0.0,0.0,0.0,0.0,0.0,0.0,0.18916361875898466,0.0,0.0,0.0,0.0,0.0,0.0,0.0
austin,0.0,0.0,0.0,0.0,0.0,0.0,0.0,0.06367053806968928,0.0,0.0,0.0,0.0,0.0,0.0,0.0,0.0,0.0,0.0
awake,0.0,0.0,0.06880364001598785,0.0,0.0,0.0,0.0,0.0,0.0,0.0,0.0,0.0,0.0,0.0,0.0,0.0,0.0,0.0
awesome,0.0,0.0,0.0,0.0,0.0,0.0,0.0,0.0,0.0,0.0,0.0,0.0,0.0,0.0,0.21870990353556213,0.0,0.0,0.0
badgirls,0.0,0.0,0.0,0.0,0.0,0.0,0.0,0.06367053806968928,0.0,0.0,0.0,0.0,0.0,0.0,0.0,0.0,0.0,0.0
badkid,0.0,0.0,0.0,0.0,0.0,0.0,0.0,0.06367053806968928,0.0,0.0,0.0,0.0,0.0,0.0,0.0,0.0,0.0,0.0
ball,0.0,0.0,0.0,0.0,0.0,0.0,0.0,0.06367053806968928,0.0,0.0,0.0,0.0,0.0,0.0,0.0,0.0,0.0,0.0
bazaar,0.0,0.0,0.06880364001598785,0.0,0.0,0.0,0.0,0.0,0.0,0.0,0.0,0.0,0.0,0.0,0.0,0.0,0.0,0.0
bed,0.0,0.0,0.05025053526922286,0.0,0.0,0.0,0.0,0.046501589423726106,0.0,0.0,0.0,0.0,0.0,0.0,0.0,0.0,0.0,0.11071565627710647
bedroom,0.0,0.0,0.0,0.09318079134996461,0.0,0.0,0.0,0.0,0.0,0.0,0.0,0.0,0.0,0.0,0.0,0.0,0.0,0.0
believe,0.0,0.0,0.06880364001598785,0.0,0.0,0.0,0.0,0.0,0.0,0.0,0.0,0.0,0.0,0.0,0.0,0.0,0.0,0.0
believed,0.0,0.0,0.0,0.0,0.0,0.0,0.0,0.0,0.0,0.0,0.18916361875898466,0.0,0.0,0.0,0.0,0.0,0.0,0.0
best,0.0,0.0,0.0,0.0,0.0,0.158835054413189,0.0,0.0,0.0,0.0,0.0,0.0,0.0,0.0,0.0,0.0,0.0,0.0
bestpackage,0.0,0.48100649626139574,0.0,0.0,0.0,0.0,0.0,0.0,0.0,0.0,0.0,0.0,0.0,0.0,0.0,0.0,0.0,0.0
better,0.0,0.0,0.0,0.0,0.0,0.158835054413189,0.0,0.0,0.0,0.0,0.0,0.0,0.0,0.0,0.0,0.0,0.0,0.0
bidding,0.0,0.0,0.0,0.18636158269992922,0.0,0.0,0.0,0.0,0.0,0.0,0.0,0.0,0.0,0.0,0.0,0.0,0.0,0.0
big,0.0,0.0,0.0,0.0,0.0,0.0,0.0,0.06367053806968928,0.0,0.0,0.0,0.0,0.0,0.0,0.0,0.0,0.0,0.0
bigsurprises,0.0,0.48100649626139574,0.0,0.0,0.0,0.0,0.0,0.0,0.0,0.0,0.0,0.0,0.0,0.0,0.0,0.0,0.0,0.0
bleeding,0.0,0.0,0.0,0.09318079134996461,0.0,0.0,0.0,0.0,0.0,0.0,0.0,0.0,0.0,0.0,0.0,0.0,0.0,0.0
book,0.0,0.0,0.0,0.0,0.0,0.0,0.0,0.0,0.0,0.0,0.0,0.1823806881209695,0.0,0.0,0.0,0.0,0.0,0.0
boot,0.0,0.0,0.0,0.0,0.0,0.0,0.0,0.0,0.0,0.0,0.18916361875898466,0.0,0.0,0.0,0.0,0.0,0.0,0.0
bottle,0.0,0.0,0.3440182000799394,0.0,0.0,0.0,0.0,0.0,0.0,0.0,0.0,0.0,0.0,0.0,0.0,0.0,0.0,0.0
box,0.0,0.0,0.0,0.06805431574633915,0.0,0.0,0.0,0.0,0.0,0.0,0.0,0.0,0.0,0.099122049311464,0.0,0.0,0.20543147727430472,0.0
boy,0.0,0.0,0.0,0.0,0.0,0.0,0.0,0.05294523877151096,0.0,0.0,0.0,0.1516586693410415,0.0,0.0,0.0,0.0,0.0,0.0
breakthrough,0.0,0.0,0.0,0.0,0.0,0.0,0.0,0.0,0.0,0.0,0.0,0.0,0.4343997183349618,0.0,0.0,0.0,0.0,0.0
brighter,0.0,0.0,0.06880364001598785,0.0,0.0,0.0,0.0,0.0,0.0,0.0,0.0,0.0,0.0,0.0,0.0,0.0,0.0,0.0
brightly,0.0,0.0,0.0,0.09318079134996461,0.0,0.0,0.0,0.0,0.0,0.0,0.0,0.0,0.0,0.0,0.0,0.0,0.0,0.0
brought,0.0,0.0,0.0,0.0,0.0,0.0,0.0,0.0,0.0,0.0,0.0,0.0,0.0,0.0,0.0,0.0,0.0,0.15159321423764988
burlap,0.0,0.0,0.0,0.0,0.0,0.0,0.0,0.0,0.0,0.0,0.0,0.0,0.0,0.27143821501340354,0.0,0.0,0.0,0.0
burned,0.0,0.0,0.0,0.0,0.0,0.0,0.0,0.06367053806968928,0.0,0.0,0.0,0.0,0.0,0.0,0.0,0.0,0.0,0.0
buzzing,0.0,0.0,0.2064109200479636,0.0,0.0,0.0,0.0,0.0,0.0,0.0,0.0,0.0,0.0,0.0,0.0,0.0,0.0,0.0
cabinet,0.0,0.0,0.0,0.09318079134996461,0.0,0.0,0.0,0.0,0.0,0.0,0.0,0.0,0.0,0.0,0.0,0.0,0.0,0.0
calgary,0.0,0.0,0.0,0.0,0.0,0.0,0.0,0.0,0.0,0.0,0.0,0.0,0.0,0.0,0.21870990353556213,0.0,0.0,0.0
called,0.0,0.0,0.06880364001598785,0.0,0.0,0.0,0.0,0.0,0.0,0.0,0.0,0.0,0.0,0.0,0.0,0.0,0.0,0.0
canada,0.0,0.0,0.0,0.0,0.0,0.0,0.0,0.0,0.0,0.0,0.0,0.0,0.0,0.0,0.21870990353556213,0.0,0.0,0.0
canadian,0.0,0.0,0.0,0.0,0.0,0.0,0.0,0.0,0.0,0.0,0.0,0.0,0.0,0.0,0.21870990353556213,0.0,0.0,0.0
captivates,0.0,0.0,0.0,0.09318079134996461,0.0,0.0,0.0,0.0,0.0,0.0,0.0,0.0,0.0,0.0,0.0,0.0,0.0,0.0
car,0.0,0.0,0.0,0.0,0.0,0.0,0.0,0.06367053806968928,0.0,0.0,0.0,0.0,0.0,0.0,0.0,0.0,0.0,0.0
cat,0.0,0.0,0.0,0.09318079134996461,0.0,0.0,0.0,0.0,0.0,0.0,0.0,0.0,0.0,0.0,0.0,0.0,0.0,0.0
catch,0.0,0.0,0.0,0.0,0.0,0.1320792965812181,0.0,0.0,0.0,0.0,0.0,0.0,0.0,0.0,0.0,0.5068660203279463,0.0,0.0
catfood,0.0,0.0,0.0,0.0,0.0,0.0,0.0,0.06367053806968928,0.0,0.0,0.0,0.0,0.0,0.0,0.0,0.0,0.0,0.0
cause,0.0,0.0,0.0,0.15496898240572052,0.0,0.0,0.0,0.0,0.0,0.0,0.15729901561559687,0.0,0.0,0.0,0.0,0.0,0.0,0.0
changed,0.0,0.0,0.06880364001598785,0.0,0.0,0.0,0.0,0.0,0.0,0.0,0.0,0.0,0.0,0.0,0.0,0.0,0.0,0.0
changling,0.0,0.0,0.06880364001598785,0.0,0.0,0.0,0.0,0.0,0.0,0.0,0.0,0.0,0.0,0.0,0.0,0.0,0.0,0.0
charity,0.0,0.0,0.0,0.09318079134996461,0.0,0.0,0.0,0.0,0.0,0.0,0.0,0.0,0.0,0.0,0.0,0.0,0.0,0.0
checking,0.0,0.0,0.06880364001598785,0.0,0.0,0.0,0.0,0.0,0.0,0.0,0.0,0.0,0.0,0.0,0.0,0.0,0.0,0.0
children,0.0,0.0,0.0,0.0,0.0,0.0,0.0,0.05294523877151096,0.0,0.0,0.0,0.0,0.0,0.0,0.0,0.0,0.0,0.3781720321808026
childrenofproteus,0.0,0.0,0.0,0.0,0.0,0.0,0.0,0.0,0.2695239331534374,0.0,0.0,0.0,0.0,0.0,0.0,0.0,0.0,0.0
chimp,0.0,0.0,0.0,0.0,0.0,0.0,0.0,0.06367053806968928,0.0,0.0,0.0,0.0,0.0,0.0,0.0,0.0,0.0,0.0
china,0.0,0.0,0.0,0.09318079134996461,0.0,0.0,0.0,0.0,0.0,0.0,0.0,0.0,0.0,0.0,0.0,0.0,0.0,0.0
chronic_compass,0.0,0.0,0.0,0.0,0.0,0.158835054413189,0.0,0.0,0.0,0.0,0.0,0.0,0.0,0.0,0.0,0.0,0.0,0.0
circus,0.0,0.0,0.0,0.0,0.0,0.0,0.0,0.1910116142090679,0.0,0.0,0.0,0.0,0.0,0.0,0.0,0.0,0.0,0.0
city,0.0,0.0,0.06880364001598785,0.0,0.0,0.0,0.0,0.0,0.0,0.0,0.0,0.0,0.0,0.0,0.0,0.0,0.0,0.0
class,0.0,0.0,0.0,0.09318079134996461,0.0,0.0,0.0,0.0,0.0,0.0,0.0,0.0,0.0,0.0,0.0,0.0,0.0,0.0
clean,0.0,0.0,0.0,0.0,0.0,0.0,0.0,0.06367053806968928,0.0,0.0,0.0,0.0,0.0,0.0,0.0,0.0,0.0,0.0
clock,0.0,0.0,0.0,0.0,0.0,0.0,0.0,0.0,0.0,0.0,0.0,0.0,0.0,0.0,0.0,0.0,0.0,0.15159321423764988
closer,0.0,0.0,0.05721366992388824,0.0,0.0,0.0,0.1397181022931106,0.0,0.0,0.0,0.0,0.0,0.0,0.0,0.0,0.0,0.0,0.0
clown,0.0,0.0,0.0,0.0,0.0,0.0,0.0,0.12734107613937856,0.0,0.0,0.0,0.0,0.0,0.0,0.0,0.0,0.0,0.0
clowns,0.0,0.0,0.0,0.0,0.0,0.0,0.0,0.12734107613937856,0.0,0.0,0.0,0.0,0.0,0.0,0.0,0.0,0.0,0.0
coffee,0.0,0.0,0.06880364001598785,0.0,0.0,0.0,0.0,0.0,0.0,0.0,0.0,0.0,0.0,0.0,0.0,0.0,0.0,0.0
cold,0.0,0.0,0.06880364001598785,0.0,0.0,0.0,0.0,0.0,0.0,0.0,0.0,0.0,0.0,0.0,0.0,0.0,0.0,0.0
color,0.0,0.0,0.0,0.0,0.0,0.0,0.0,0.06367053806968928,0.0,0.0,0.0,0.0,0.0,0.0,0.0,0.0,0.0,0.0
colored,0.0,0.0,0.0,0.09318079134996461,0.0,0.0,0.0,0.0,0.0,0.0,0.0,0.0,0.0,0.0,0.0,0.0,0.0,0.0
come,0.0,0.0,0.0,0.07748449120286026,0.0,0.0,0.0,0.0,0.0,0.0,0.0,0.0,0.0,0.22571445980034757,0.0,0.0,0.0,0.0
coming,0.0,0.0,0.06880364001598785,0.0,0.0,0.0,0.0,0.0,0.0,0.0,0.0,0.0,0.0,0.0,0.0,0.0,0.0,0.0
communicating,0.0,0.0,0.0,0.0,0.0,0.0,0.0,0.06367053806968928,0.0,0.0,0.0,0.0,0.0,0.0,0.0,0.0,0.0,0.0
company,0.0,0.0,0.05721366992388824,0.0,0.0,0.0,0.1397181022931106,0.0,0.0,0.0,0.0,0.0,0.0,0.0,0.0,0.0,0.0,0.0
connected,0.0,0.0,0.06880364001598785,0.0,0.0,0.0,0.0,0.0,0.0,0.0,0.0,0.0,0.0,0.0,0.0,0.0,0.0,0.0
conspiracies,0.0,0.0,0.0,0.0,0.0,0.158835054413189,0.0,0.0,0.0,0.0,0.0,0.0,0.0,0.0,0.0,0.0,0.0,0.0
contest,0.0,0.0,0.0,0.0,0.0,0.0,0.0,0.06367053806968928,0.0,0.0,0.0,0.0,0.0,0.0,0.0,0.0,0.0,0.0
conundrums,0.0,0.0,0.0,0.0,0.0,0.0,0.0,0.0,0.0,0.0,0.0,0.0,0.0,0.0,0.0,0.6095436151076107,0.0,0.0
copper,0.0,0.0,0.0,0.0,0.0,0.0,0.0,0.0,0.0,0.0,0.0,0.0,0.0,0.13571910750670177,0.0,0.0,0.0,0.0
corner,0.0,0.0,0.06880364001598785,0.0,0.0,0.0,0.0,0.0,0.0,0.0,0.0,0.0,0.0,0.0,0.0,0.0,0.0,0.0
couch,0.0,0.0,0.06880364001598785,0.0,0.0,0.0,0.0,0.0,0.0,0.0,0.0,0.0,0.0,0.0,0.0,0.0,0.0,0.0
covered,0.0,0.0,0.0,0.0,0.0,0.0,0.0,0.06367053806968928,0.0,0.0,0.0,0.0,0.0,0.0,0.0,0.0,0.0,0.0
crashed,0.0,0.0,0.0,0.0,0.0,0.0,0.0,0.06367053806968928,0.0,0.0,0.0,0.0,0.0,0.0,0.0,0.0,0.0,0.0
crate,0.0,0.0,0.0,0.0,0.0,0.0,0.0,0.0,0.0,0.0,0.0,0.1516586693410415,0.0,0.0,0.18186823003930327,0.0,0.0,0.0
created,0.0,0.0,0.0,0.0,0.0,0.0,0.0,0.0,0.0,0.0,0.18916361875898466,0.0,0.0,0.0,0.0,0.0,0.0,0.0
creeps,0.0,0.0,0.0,0.0,0.0,0.158835054413189,0.0,0.0,0.0,0.0,0.0,0.0,0.0,0.0,0.0,0.0,0.0,0.0
creepy,0.0,0.0,0.0,0.0,0.3701336018127636,0.0,0.0,0.0,0.0,0.0,0.0,0.0,0.0,0.0,0.0,0.0,0.0,0.0
croaking,0.0,0.0,0.06880364001598785,0.0,0.0,0.0,0.0,0.0,0.0,0.0,0.0,0.0,0.0,0.0,0.0,0.0,0.0,0.0
crowding,0.0,0.0,0.06880364001598785,0.0,0.0,0.0,0.0,0.0,0.0,0.0,0.0,0.0,0.0,0.0,0.0,0.0,0.0,0.0
cthulhumythos,0.0,0.0,0.0,0.0,0.0,0.0,0.0,0.0,0.0,0.0,0.0,0.0,0.0,0.13571910750670177,0.0,0.0,0.0,0.0
cultivating,0.0,0.0,0.0,0.0,0.0,0.0,0.0,0.06367053806968928,0.0,0.0,0.0,0.0,0.0,0.0,0.0,0.0,0.0,0.0
curios,0.0,0.0,0.0,0.0,0.0,0.0,0.0,0.0,0.0,0.0,0.0,0.0,0.0,0.0,0.0,0.6095436151076107,0.0,0.0
curiosandconundrums,0.0,0.0,0.0,0.0,0.0,0.0,0.0,0.0,0.0,0.0,0.18916361875898466,0.0,0.0,0.0,0.0,0.0,0.0,0.0
curious,0.0,0.0,0.0,0.0,0.0,0.0,0.0,0.0,0.0,0.0,0.0,0.1823806881209695,0.0,0.0,0.0,0.0,0.0,0.0
current,0.0,0.0,0.06880364001598785,0.0,0.0,0.0,0.0,0.0,0.0,0.0,0.0,0.0,0.0,0.0,0.0,0.0,0.0,0.0
cursedcrate,0.0,0.0,0.035458196024041495,0.04802104604632256,0.0,0.0,0.0,0.032812834020215106,0.0,0.0,0.09748613115548153,0.0,0.0,0.06994331574699172,0.0,0.0,0.14495824873654864,0.07812409205536318
cursedimage,0.0,0.0,0.0,0.0,0.0,0.0,0.0,0.0,0.0,0.0,0.0,0.0,0.0,0.0,0.0,0.0,0.2812792607005487,0.0
damage,0.0,0.0,0.0,0.0,0.0,0.0,0.0,0.06367053806968928,0.0,0.0,0.0,0.0,0.0,0.0,0.0,0.0,0.0,0.0
dare,0.0,0.0,0.0,0.0,0.0,0.0,0.0,0.0,0.0,0.0,0.0,0.0,0.0,0.0,0.0,0.0,0.2812792607005487,0.0
darkness,0.0,0.0,0.06880364001598785,0.0,0.0,0.0,0.0,0.0,0.0,0.0,0.0,0.0,0.0,0.0,0.0,0.0,0.0,0.0
daughter,0.0,0.0,0.0,0.0,0.0,0.0,0.0,0.06367053806968928,0.0,0.0,0.0,0.0,0.0,0.0,0.0,0.0,0.0,0.0
day,0.0,0.0,0.05721366992388824,0.0,0.0,0.0,0.0,0.05294523877151096,0.0,0.0,0.0,0.0,0.0,0.0,0.0,0.0,0.0,0.0
days,0.0,0.0,0.1376072800319757,0.0,0.0,0.0,0.0,0.0,0.0,0.0,0.0,0.0,0.0,0.0,0.0,0.0,0.0,0.0
dead,0.0,0.0,0.0,0.09318079134996461,0.0,0.0,0.0,0.0,0.0,0.0,0.0,0.0,0.0,0.0,0.0,0.0,0.0,0.0
decembermail,0.5153049275652087,0.0,0.0,0.0,0.0,0.0,0.0,0.0,0.0,0.0,0.0,0.0,0.0,0.0,0.0,0.0,0.0,0.0
decent,0.0,0.0,0.0,0.0,0.0,0.0,0.0,0.0,0.0,0.0,0.0,0.0,0.0,0.13571910750670177,0.0,0.0,0.0,0.0
decorating,0.0,0.0,0.0,0.0,0.0,0.0,0.0,0.0,0.2695239331534374,0.0,0.0,0.0,0.0,0.0,0.0,0.0,0.0,0.0
deliveries,0.0,0.0,0.0,0.0,0.0,0.0,0.16802127929707258,0.0,0.0,0.0,0.0,0.0,0.0,0.0,0.0,0.0,0.0,0.0
depression,0.0,0.0,0.0,0.0,0.0,0.0,0.0,0.06367053806968928,0.0,0.0,0.0,0.0,0.0,0.0,0.0,0.0,0.0,0.0
details,0.0,0.0,0.0,0.0,0.0,0.0,0.0,0.0,0.0,0.0,0.0,0.1823806881209695,0.0,0.0,0.0,0.0,0.0,0.0
did,0.0,0.0,0.0,0.0,0.0,0.0,0.0,0.05294523877151096,0.0,0.0,0.0,0.0,0.36122510515535694,0.0,0.0,0.0,0.0,0.0
didn,0.0,0.0,0.05721366992388824,0.15496898240572052,0.0,0.0,0.0,0.0,0.0,0.0,0.0,0.0,0.0,0.0,0.0,0.0,0.0,0.0
die,0.0,0.0,0.0,0.09318079134996461,0.0,0.0,0.0,0.0,0.0,0.0,0.0,0.0,0.0,0.0,0.0,0.0,0.0,0.0
died,0.0,0.0,0.0,0.0,0.0,0.0,0.0,0.06367053806968928,0.0,0.0,0.0,0.0,0.0,0.0,0.0,0.0,0.0,0.0
dig,0.0,0.0,0.0,0.0,0.0,0.158835054413189,0.0,0.0,0.0,0.0,0.0,0.0,0.0,0.0,0.0,0.0,0.0,0.0
dim,0.0,0.0,0.0,0.0,0.0,0.0,0.0,0.0,0.0,0.0,0.0,0.0,0.0,0.0,0.0,0.0,0.0,0.15159321423764988
dining,0.0,0.0,0.0,0.0,0.0,0.0,0.0,0.0,0.0,0.0,0.0,0.0,0.0,0.13571910750670177,0.0,0.0,0.0,0.0
doesn,0.0,0.0,0.0,0.07748449120286026,0.0,0.0,0.0,0.0,0.0,0.0,0.0,0.0,0.0,0.0,0.0,0.0,0.0,0.1260573440602675
doll,0.0,0.0,0.0,0.0,0.0,0.0,0.0,0.1910116142090679,0.0,0.0,0.0,0.0,0.0,0.0,0.0,0.0,0.0,0.0
dolls,0.0,0.0,0.0,0.0,0.0,0.0,0.0,0.06367053806968928,0.0,0.0,0.0,0.0,0.0,0.0,0.0,0.0,0.0,0.0
don,0.0,0.0,0.0,0.07748449120286026,0.0,0.0,0.0,0.0,0.0,0.0,0.0,0.0,0.0,0.0,0.0,0.0,0.0,0.1260573440602675
donation,0.0,0.0,0.0,0.09318079134996461,0.0,0.0,0.0,0.0,0.0,0.0,0.0,0.0,0.0,0.0,0.0,0.0,0.0,0.0
downstairs,0.0,0.0,0.0,0.0,0.0,0.0,0.0,0.06367053806968928,0.0,0.0,0.0,0.0,0.0,0.0,0.0,0.0,0.0,0.0
drains,0.0,0.0,0.06880364001598785,0.0,0.0,0.0,0.0,0.0,0.0,0.0,0.0,0.0,0.0,0.0,0.0,0.0,0.0,0.0
dream,0.0,0.0,0.05721366992388824,0.0,0.0,0.0,0.0,0.05294523877151096,0.0,0.0,0.0,0.0,0.0,0.0,0.0,0.0,0.0,0.0
dreaming,0.0,0.0,0.06880364001598785,0.0,0.0,0.0,0.0,0.0,0.0,0.0,0.0,0.0,0.0,0.0,0.0,0.0,0.0,0.0
dresses,0.0,0.0,0.0,0.0,0.0,0.0,0.0,0.0,0.0,0.0,0.18916361875898466,0.0,0.0,0.0,0.0,0.0,0.0,0.0
drew,0.0,0.0,0.06880364001598785,0.0,0.0,0.0,0.0,0.0,0.0,0.0,0.0,0.0,0.0,0.0,0.0,0.0,0.0,0.0
droves,0.0,0.0,0.06880364001598785,0.0,0.0,0.0,0.0,0.0,0.0,0.0,0.0,0.0,0.0,0.0,0.0,0.0,0.0,0.0
drunk,0.0,0.0,0.0,0.0,0.0,0.0,0.0,0.06367053806968928,0.0,0.0,0.0,0.0,0.0,0.0,0.0,0.0,0.0,0.0
dry,0.0,0.0,0.0,0.0,0.0,0.0,0.0,0.06367053806968928,0.0,0.0,0.0,0.0,0.0,0.0,0.0,0.0,0.0,0.0
dug,0.0,0.0,0.0,0.0,0.0,0.0,0.0,0.0,0.0,0.0,0.0,0.0,0.0,0.13571910750670177,0.0,0.0,0.0,0.0
earlier,0.0,0.0,0.06880364001598785,0.0,0.0,0.0,0.0,0.0,0.0,0.0,0.0,0.0,0.0,0.0,0.0,0.0,0.0,0.0
edition,0.0,0.0,0.0,0.0,0.3701336018127636,0.0,0.0,0.0,0.0,0.0,0.0,0.0,0.0,0.0,0.0,0.0,0.0,0.0
emmettkelly,0.0,0.0,0.0,0.0,0.0,0.0,0.0,0.06367053806968928,0.0,0.0,0.0,0.0,0.0,0.0,0.0,0.0,0.0,0.0
ephemera,0.0,0.0,0.0,0.0,0.0,0.0,0.33604255859414517,0.0,0.0,0.0,0.0,0.0,0.0,0.0,0.0,0.0,0.0,0.0
era,0.0,0.0,0.0,0.0,0.0,0.0,0.0,0.06367053806968928,0.0,0.0,0.0,0.0,0.0,0.0,0.0,0.0,0.0,0.0
escaped,0.0,0.0,0.0,0.0,0.0,0.0,0.0,0.06367053806968928,0.0,0.0,0.0,0.0,0.0,0.0,0.0,0.0,0.0,0.0
eventually,0.0,0.0,0.0,0.0,0.0,0.0,0.0,0.06367053806968928,0.0,0.0,0.0,0.0,0.0,0.0,0.0,0.0,0.0,0.0
excited,0.0,0.0,0.0,0.0,0.0,0.0,0.0,0.0,0.0,0.6943026098157093,0.0,0.0,0.0,0.0,0.0,0.0,0.0,0.0
expecting,0.0,0.0,0.0,0.0,0.0,0.0,0.0,0.06367053806968928,0.0,0.0,0.0,0.0,0.0,0.0,0.0,0.0,0.0,0.0
eye,0.0,0.0,0.0,0.0,0.0,0.158835054413189,0.0,0.0,0.0,0.0,0.0,0.0,0.0,0.0,0.0,0.0,0.0,0.0
eyes,0.0,0.0,0.0,0.0,0.0,0.0,0.0,0.06367053806968928,0.0,0.0,0.0,0.0,0.0,0.0,0.0,0.0,0.0,0.0
faint,0.0,0.0,0.05721366992388824,0.07748449120286026,0.0,0.0,0.0,0.0,0.0,0.0,0.0,0.0,0.0,0.0,0.0,0.0,0.0,0.0
fairy,0.0,0.0,0.06880364001598785,0.0,0.0,0.0,0.0,0.0,0.0,0.0,0.0,0.0,0.0,0.0,0.0,0.0,0.0,0.0
fairyrealm,0.0,0.0,0.06880364001598785,0.0,0.0,0.0,0.0,0.0,0.0,0.0,0.0,0.0,0.0,0.0,0.0,0.0,0.0,0.0
fall,0.0,0.0,0.0,0.0,0.0,0.0,0.0,0.12734107613937856,0.0,0.0,0.0,0.0,0.0,0.0,0.0,0.0,0.0,0.0
family,0.0,0.0,0.0,0.0,0.0,0.0,0.0,0.0,0.0,0.0,0.18916361875898466,0.0,0.0,0.0,0.0,0.0,0.0,0.0
fantastic,0.0,0.0,0.0,0.0,0.0,0.0,0.0,0.0,0.0,0.0,0.0,0.1823806881209695,0.0,0.0,0.0,0.0,0.0,0.0
filled,0.0,0.0,0.06880364001598785,0.0,0.0,0.0,0.0,0.0,0.0,0.0,0.0,0.0,0.0,0.0,0.0,0.0,0.0,0.0
filling,0.0,0.0,0.06880364001598785,0.0,0.0,0.0,0.0,0.0,0.0,0.0,0.0,0.0,0.0,0.0,0.0,0.0,0.0,0.0
finally,0.0,0.0,0.0,0.0,0.0,0.0,0.0,0.0,0.0,0.0,0.0,0.1823806881209695,0.0,0.0,0.0,0.0,0.0,0.0
fine,0.0,0.0,0.0,0.0,0.0,0.0,0.0,0.06367053806968928,0.0,0.0,0.0,0.0,0.0,0.0,0.0,0.0,0.0,0.0
flashy,0.0,0.0,0.0,0.09318079134996461,0.0,0.0,0.0,0.0,0.0,0.0,0.0,0.0,0.0,0.0,0.0,0.0,0.0,0.0
flies,0.0,0.0,0.06880364001598785,0.0,0.0,0.0,0.0,0.0,0.0,0.0,0.0,0.0,0.0,0.0,0.0,0.0,0.0,0.0
flowers,0.0,0.0,0.0,0.2324534736085808,0.0,0.0,0.0,0.0,0.0,0.0,0.0,0.0,0.0,0.0,0.0,0.0,0.2338977817803967,0.0
fly,0.0,0.0,0.2752145600639514,0.0,0.0,0.0,0.0,0.0,0.0,0.0,0.0,0.0,0.0,0.0,0.0,0.0,0.0,0.0
follow,0.0,0.0,0.0,0.0,0.0,0.0,0.0,0.06367053806968928,0.0,0.0,0.0,0.0,0.0,0.0,0.0,0.0,0.0,0.0
followed,0.0,0.0,0.06880364001598785,0.0,0.0,0.0,0.0,0.0,0.0,0.0,0.0,0.0,0.0,0.0,0.0,0.0,0.0,0.0
foot,0.0,0.0,0.0,0.0,0.0,0.0,0.0,0.05294523877151096,0.0,0.0,0.0,0.0,0.0,0.11285722990017379,0.0,0.0,0.0,0.0
forced,0.0,0.0,0.0,0.0,0.0,0.0,0.0,0.12734107613937856,0.0,0.0,0.0,0.0,0.0,0.0,0.0,0.0,0.0,0.0
forth,0.0,0.0,0.0,0.0,0.0,0.0,0.0,0.0,0.0,0.0,0.0,0.0,0.0,0.0,0.0,0.0,0.0,0.15159321423764988
foul,0.0,0.0,0.0,0.0,0.0,0.0,0.0,0.0,0.0,0.0,0.0,0.0,0.0,0.0,0.0,0.0,0.2812792607005487,0.0
frankfromearth,0.0,0.0,0.0,0.0,0.0,0.0,0.0,0.0,0.2695239331534374,0.0,0.0,0.0,0.0,0.0,0.0,0.0,0.0,0.0
frog,0.0,0.0,0.2064109200479636,0.0,0.0,0.0,0.0,0.0,0.0,0.0,0.0,0.0,0.0,0.0,0.0,0.0,0.0,0.0
frogs,0.0,0.0,0.1376072800319757,0.0,0.0,0.0,0.0,0.0,0.0,0.0,0.0,0.0,0.0,0.0,0.0,0.0,0.0,0.0
funeralflowers,0.0,0.0,0.0,0.09318079134996461,0.0,0.0,0.0,0.0,0.0,0.0,0.0,0.0,0.0,0.0,0.0,0.0,0.0,0.0
fur,0.0,0.0,0.0,0.0,0.0,0.0,0.0,0.06367053806968928,0.0,0.0,0.0,0.0,0.0,0.0,0.0,0.0,0.0,0.0
game,0.0,0.0,0.06880364001598785,0.0,0.0,0.0,0.0,0.0,0.0,0.0,0.0,0.0,0.0,0.0,0.0,0.0,0.0,0.0
gardenias,0.0,0.0,0.0,0.09318079134996461,0.0,0.0,0.0,0.0,0.0,0.0,0.0,0.0,0.0,0.0,0.0,0.0,0.0,0.0
gatesymbol,0.0,0.0,0.0,0.0,0.0,0.0,0.0,0.0,0.0,0.0,0.0,0.0,0.0,0.13571910750670177,0.0,0.0,0.0,0.0
gave,0.0,0.0,0.05721366992388824,0.0,0.0,0.0,0.0,0.05294523877151096,0.0,0.0,0.0,0.0,0.0,0.0,0.0,0.0,0.0,0.0
generous,0.0,0.0,0.0,0.09318079134996461,0.0,0.0,0.0,0.0,0.0,0.0,0.0,0.0,0.0,0.0,0.0,0.0,0.0,0.0
ghost,0.0,0.0,0.0,0.0,0.0,0.0,0.0,0.0,0.0,0.0,0.18916361875898466,0.0,0.0,0.0,0.0,0.0,0.0,0.0
gifted,0.0,0.0,0.06880364001598785,0.0,0.0,0.0,0.0,0.0,0.0,0.0,0.0,0.0,0.0,0.0,0.0,0.0,0.0,0.0
gimpy,0.0,0.0,0.0,0.0,0.0,0.0,0.0,0.06367053806968928,0.0,0.0,0.0,0.0,0.0,0.0,0.0,0.0,0.0,0.0
girlfriends,0.0,0.0,0.0,0.0,0.0,0.158835054413189,0.0,0.0,0.0,0.0,0.0,0.0,0.0,0.0,0.0,0.0,0.0,0.0
glance,0.0,0.0,0.0,0.0,0.0,0.158835054413189,0.0,0.0,0.0,0.0,0.0,0.0,0.0,0.0,0.0,0.0,0.0,0.0
glass,0.0,0.0,0.05721366992388824,0.0,0.0,0.1320792965812181,0.0,0.0,0.0,0.0,0.0,0.0,0.0,0.0,0.0,0.0,0.0,0.0
glow,0.0,0.0,0.06880364001598785,0.0,0.0,0.0,0.0,0.0,0.0,0.0,0.0,0.0,0.0,0.0,0.0,0.0,0.0,0.0
glowing,0.0,0.0,0.06880364001598785,0.0,0.0,0.0,0.0,0.0,0.0,0.0,0.0,0.0,0.0,0.0,0.0,0.0,0.0,0.0
goes,0.0,0.0,0.0,0.0,0.0,0.0,0.0,0.0,0.0,0.0,0.0,0.0,0.0,0.0,0.21870990353556213,0.0,0.0,0.0
going,0.0,0.0,0.0,0.0,0.0,0.158835054413189,0.0,0.0,0.0,0.0,0.0,0.0,0.0,0.0,0.0,0.0,0.0,0.0
got,0.0,0.0,0.05721366992388824,0.0,0.0,0.0,0.0,0.0,0.0,0.0,0.0,0.0,0.0,0.0,0.18186823003930327,0.0,0.0,0.0
great,0.0,0.0,0.0,0.0,0.0,0.0,0.0,0.06367053806968928,0.0,0.0,0.0,0.0,0.0,0.0,0.0,0.0,0.0,0.0
green,0.0,0.0,0.1376072800319757,0.0,0.0,0.0,0.0,0.0,0.0,0.0,0.0,0.0,0.0,0.0,0.0,0.0,0.0,0.0
grew,0.0,0.0,0.0,0.0,0.0,0.0,0.0,0.06367053806968928,0.0,0.0,0.0,0.0,0.0,0.0,0.0,0.0,0.0,0.0
grizelda,0.0,0.0,0.0,0.0,0.0,0.0,0.0,0.0,0.0,0.0,0.18916361875898466,0.0,0.0,0.0,0.0,0.0,0.0,0.0
ground,0.0,0.0,0.0,0.0,0.0,0.0,0.0,0.05294523877151096,0.0,0.0,0.0,0.0,0.0,0.11285722990017379,0.0,0.0,0.0,0.0
hall,0.0,0.0,0.0,0.0,0.0,0.0,0.0,0.0,0.0,0.0,0.0,0.0,0.0,0.0,0.0,0.0,0.0,0.15159321423764988
hallway,0.0,0.0,0.06880364001598785,0.0,0.0,0.0,0.0,0.0,0.0,0.0,0.0,0.0,0.0,0.0,0.0,0.0,0.0,0.0
handmade,0.0,0.0,0.0,0.09318079134996461,0.0,0.0,0.0,0.0,0.0,0.0,0.0,0.0,0.0,0.0,0.0,0.0,0.0,0.0
happened,0.0,0.0,0.1376072800319757,0.0,0.0,0.0,0.0,0.0,0.0,0.0,0.0,0.0,0.0,0.0,0.0,0.0,0.0,0.0
hated,0.0,0.0,0.0,0.0,0.0,0.0,0.0,0.06367053806968928,0.0,0.0,0.0,0.0,0.0,0.0,0.0,0.0,0.0,0.0
haunted,0.0,0.0,0.0,0.0,0.0,0.0,0.0,0.06367053806968928,0.0,0.0,0.0,0.0,0.0,0.0,0.0,0.0,0.0,0.0
haunteddoll,0.0,0.0,0.0,0.0,0.0,0.0,0.0,0.06367053806968928,0.0,0.0,0.0,0.0,0.0,0.0,0.0,0.0,0.0,0.0
haunts,0.0,0.0,0.0,0.0,0.0,0.0,0.0,0.0,0.0,0.0,0.18916361875898466,0.0,0.0,0.0,0.0,0.0,0.0,0.0
haven,0.0,0.0,0.0,0.0,0.0,0.0,0.0,0.0,0.0,0.0,0.0,0.0,0.0,0.13571910750670177,0.0,0.0,0.0,0.0
headbanger,0.0,0.0,0.0,0.0,0.0,0.0,0.0,0.06367053806968928,0.0,0.0,0.0,0.0,0.0,0.0,0.0,0.0,0.0,0.0
hear,0.0,0.0,0.1376072800319757,0.0,0.0,0.0,0.0,0.0,0.0,0.0,0.0,0.0,0.0,0.0,0.0,0.0,0.0,0.0
heard,0.0,0.0,0.11442733984777648,0.0,0.0,0.0,0.0,0.0,0.0,0.0,0.0,0.0,0.0,0.0,0.0,0.0,0.0,0.1260573440602675
hearts,0.0,0.0,0.0,0.09318079134996461,0.0,0.0,0.0,0.0,0.0,0.0,0.0,0.0,0.0,0.0,0.0,0.0,0.0,0.0
hiking,0.0,0.0,0.0,0.0,0.0,0.0,0.0,0.0,0.0,0.0,0.0,0.0,0.0,0.13571910750670177,0.0,0.0,0.0,0.0
hint,0.0,0.0,0.0,0.0,0.0,0.0,0.0,0.06367053806968928,0.0,0.0,0.0,0.0,0.0,0.0,0.0,0.0,0.0,0.0
hire,0.0,0.0,0.0,0.0,0.0,0.0,0.0,0.06367053806968928,0.0,0.0,0.0,0.0,0.0,0.0,0.0,0.0,0.0,0.0
hobby,0.0,0.0,0.0,0.0,0.0,0.158835054413189,0.0,0.0,0.0,0.0,0.0,0.0,0.0,0.0,0.0,0.0,0.0,0.0
hobo,0.0,0.0,0.0,0.0,0.0,0.0,0.0,0.06367053806968928,0.0,0.0,0.0,0.0,0.0,0.0,0.0,0.0,0.0,0.0
home,0.0,0.0,0.05721366992388824,0.0,0.0,0.0,0.0,0.0,0.0,0.0,0.0,0.0,0.0,0.0,0.0,0.0,0.0,0.1260573440602675
hoping,0.0,0.0,0.06880364001598785,0.0,0.0,0.0,0.0,0.0,0.0,0.0,0.0,0.0,0.0,0.0,0.0,0.0,0.0,0.0
horrible,0.0,0.0,0.0,0.0,0.0,0.0,0.0,0.06367053806968928,0.0,0.0,0.0,0.0,0.0,0.0,0.0,0.0,0.0,0.0
horrifying,0.0,0.0,0.0,0.0,0.0,0.0,0.0,0.06367053806968928,0.0,0.0,0.0,0.0,0.0,0.0,0.0,0.0,0.0,0.0
horror,0.0,0.0,0.0,0.0,0.0,0.0,0.0,0.06367053806968928,0.0,0.0,0.0,0.0,0.0,0.0,0.0,0.0,0.0,0.0
host,0.0,0.0,0.0,0.0,0.0,0.0,0.0,0.0,0.0,0.0,0.0,0.1823806881209695,0.0,0.0,0.0,0.0,0.0,0.0
hot,0.0,0.0,0.06880364001598785,0.0,0.0,0.0,0.0,0.0,0.0,0.0,0.0,0.0,0.0,0.0,0.0,0.0,0.0,0.0
house,0.0,0.0,0.15075160580766858,0.0,0.0,0.0,0.0,0.0,0.0,0.0,0.0,0.0,0.0,0.198244098622928,0.0,0.0,0.0,0.22143131255421294
hungryformore,0.0,0.0,0.0,0.0,0.0,0.0,0.0,0.0,0.0,0.0,0.0,0.0,0.0,0.0,0.21870990353556213,0.0,0.0,0.0
igaddict,0.0,0.0,0.0,0.0,0.0,0.0,0.0,0.0,0.0,0.0,0.0,0.0,0.0,0.0,0.21870990353556213,0.0,0.0,0.0
igaddicts,0.0,0.0,0.0,0.0,0.0,0.0,0.0,0.0,0.0,0.0,0.0,0.0,0.0,0.0,0.21870990353556213,0.0,0.0,0.0
igers,0.0,0.0,0.0,0.0,0.0,0.0,0.0,0.0,0.0,0.0,0.0,0.0,0.0,0.0,0.21870990353556213,0.0,0.0,0.0
iggallery,0.0,0.0,0.0,0.0,0.0,0.0,0.0,0.0,0.0,0.0,0.0,0.0,0.0,0.0,0.21870990353556213,0.0,0.0,0.0
incident,0.0,0.0,0.06880364001598785,0.0,0.0,0.0,0.0,0.0,0.0,0.0,0.0,0.0,0.0,0.0,0.0,0.0,0.0,0.0
increase,0.0,0.0,0.0,0.0,0.0,0.0,0.0,0.0,0.0,0.0,0.0,0.0,0.0,0.13571910750670177,0.0,0.0,0.0,0.0
infestations,0.0,0.0,0.0,0.0,0.0,0.158835054413189,0.0,0.0,0.0,0.0,0.0,0.0,0.0,0.0,0.0,0.0,0.0,0.0
inheritance,0.0,0.0,0.0,0.0,0.0,0.0,0.0,0.06367053806968928,0.0,0.0,0.0,0.0,0.0,0.0,0.0,0.0,0.0,0.0
inherited,0.0,0.0,0.0,0.0,0.0,0.0,0.0,0.06367053806968928,0.0,0.0,0.0,0.0,0.0,0.0,0.0,0.0,0.0,0.0
injury,0.0,0.0,0.0,0.0,0.0,0.0,0.0,0.06367053806968928,0.0,0.0,0.0,0.0,0.0,0.0,0.0,0.0,0.0,0.0
inside,0.0,0.0,0.0,0.0,0.0,0.0,0.0,0.05294523877151096,0.0,0.0,0.0,0.0,0.0,0.0,0.0,0.0,0.2338977817803967,0.0
instead,0.0,0.0,0.0,0.0,0.0,0.0,0.0,0.06367053806968928,0.0,0.0,0.0,0.0,0.0,0.0,0.0,0.0,0.0,0.0
irreparable,0.0,0.0,0.0,0.0,0.0,0.0,0.0,0.06367053806968928,0.0,0.0,0.0,0.0,0.0,0.0,0.0,0.0,0.0,0.0
jay,0.0,0.0,0.0,0.0,0.0,0.0,0.0,0.06367053806968928,0.0,0.0,0.0,0.0,0.0,0.0,0.0,0.0,0.0,0.0
jewelry,0.0,0.0,0.0,0.0,0.0,0.0,0.0,0.0,0.0,0.0,0.0,0.0,0.0,0.0,0.0,0.0,0.2812792607005487,0.0
join,0.0,0.0,0.0,0.0,0.0,0.0,0.0,0.0,0.0,0.0,0.0,0.1823806881209695,0.0,0.0,0.0,0.0,0.0,0.0
joinnow,0.0,0.0,0.0,0.0,0.0,0.0,0.0,0.0,0.0,0.0,0.0,0.1823806881209695,0.0,0.0,0.0,0.0,0.0,0.0
journal,0.0,0.0,0.0,0.0,0.0,0.0,0.0,0.0,0.0,0.0,0.0,0.364761376241939,0.0,0.0,0.0,0.0,0.0,0.0
just,0.0,0.0,0.04525706235033123,0.12258330759822099,0.0,0.1044771462574594,0.0,0.0,0.0,0.0,0.0,0.0,0.0,0.0,0.0,0.0,0.0,0.0997136713558502
kept,0.0,0.0,0.0,0.07748449120286026,0.0,0.0,0.0,0.05294523877151096,0.0,0.0,0.0,0.0,0.0,0.0,0.0,0.0,0.0,0.0
keyboard,0.0,0.0,0.0,0.09318079134996461,0.0,0.0,0.0,0.0,0.0,0.0,0.0,0.0,0.0,0.0,0.0,0.0,0.0,0.0
kidshauntingmy,0.0,0.0,0.0,0.0,0.0,0.0,0.0,0.0,0.0,0.0,0.0,0.0,0.0,0.0,0.0,0.0,0.0,0.15159321423764988
killing,0.0,0.0,0.0,0.0,0.0,0.0,0.0,0.06367053806968928,0.0,0.0,0.0,0.0,0.0,0.0,0.0,0.0,0.0,0.0
knew,0.0,0.0,0.05721366992388824,0.0,0.0,0.0,0.0,0.10589047754302192,0.0,0.0,0.0,0.0,0.0,0.0,0.0,0.0,0.0,0.0
know,0.0,0.0,0.0,0.0,0.0,0.0,0.0,0.06367053806968928,0.0,0.0,0.0,0.0,0.0,0.0,0.0,0.0,0.0,0.0
laid,0.0,0.0,0.0,0.0,0.0,0.0,0.0,0.0,0.0,0.0,0.0,0.0,0.0,0.0,0.0,0.0,0.0,0.15159321423764988
laptop,0.0,0.0,0.0,0.09318079134996461,0.0,0.0,0.0,0.0,0.0,0.0,0.0,0.0,0.0,0.0,0.0,0.0,0.0,0.0
lasted,0.0,0.0,0.0,0.09318079134996461,0.0,0.0,0.0,0.0,0.0,0.0,0.0,0.0,0.0,0.0,0.0,0.0,0.0,0.0
later,0.0,0.0,0.0,0.0,0.0,0.1320792965812181,0.0,0.0,0.0,0.0,0.0,0.0,0.0,0.11285722990017379,0.0,0.0,0.0,0.0
laughing,0.0,0.0,0.0,0.0,0.0,0.0,0.0,0.0,0.0,0.0,0.0,0.0,0.0,0.0,0.0,0.0,0.0,0.15159321423764988
layers,0.0,0.0,0.0,0.0,0.0,0.0,0.0,0.0,0.0,0.0,0.0,0.0,0.0,0.13571910750670177,0.0,0.0,0.0,0.0
left,0.0,0.0,0.0,0.09318079134996461,0.0,0.0,0.0,0.0,0.0,0.0,0.0,0.0,0.0,0.0,0.0,0.0,0.0,0.0
leg,0.0,0.0,0.0,0.0,0.0,0.0,0.0,0.06367053806968928,0.0,0.0,0.0,0.0,0.0,0.0,0.0,0.0,0.0,0.0
let,0.0,0.0,0.0,0.07748449120286026,0.0,0.0,0.0,0.0,0.0,0.0,0.0,0.0,0.0,0.0,0.18186823003930327,0.0,0.0,0.0
lettermail,0.0,0.0,0.0,0.0,0.0,0.0,0.16802127929707258,0.0,0.0,0.0,0.0,0.0,0.0,0.0,0.0,0.0,0.0,0.0
letters,0.0,0.0,0.0,0.0,0.0,0.0,0.16802127929707258,0.0,0.0,0.0,0.0,0.0,0.0,0.0,0.0,0.0,0.0,0.0
lid,0.0,0.0,0.06880364001598785,0.0,0.0,0.0,0.0,0.0,0.0,0.0,0.0,0.0,0.0,0.0,0.0,0.0,0.0,0.0
life,0.0,0.0,0.0,0.0,0.0,0.0,0.0,0.06367053806968928,0.0,0.0,0.0,0.0,0.0,0.0,0.0,0.0,0.0,0.0
light,0.0,0.0,0.11442733984777648,0.0,0.0,0.0,0.0,0.0,0.0,0.0,0.0,0.0,0.0,0.0,0.0,0.0,0.0,0.1260573440602675
lighted,0.0,0.0,0.0,0.0,0.0,0.0,0.0,0.06367053806968928,0.0,0.0,0.0,0.0,0.0,0.0,0.0,0.0,0.0,0.0
like,0.0,0.0,0.04525706235033123,0.061291653799110495,0.0,0.0,0.0,0.0,0.0,0.0,0.0,0.0,0.0,0.08927213893240006,0.0,0.0,0.0,0.0997136713558502
likeness,0.0,0.0,0.0,0.0,0.0,0.0,0.0,0.06367053806968928,0.0,0.0,0.0,0.0,0.0,0.0,0.0,0.0,0.0,0.0
lilies,0.0,0.0,0.0,0.09318079134996461,0.0,0.0,0.0,0.0,0.0,0.0,0.0,0.0,0.0,0.0,0.0,0.0,0.0,0.0
lily,0.0,0.0,0.0,0.0,0.0,0.0,0.0,0.06367053806968928,0.0,0.0,0.0,0.0,0.0,0.0,0.0,0.0,0.0,0.0
linger,0.0,0.0,0.0,0.09318079134996461,0.0,0.0,0.0,0.0,0.0,0.0,0.0,0.0,0.0,0.0,0.0,0.0,0.0,0.0
lingering,0.0,0.0,0.0,0.07748449120286026,0.0,0.0,0.0,0.0,0.0,0.0,0.0,0.0,0.0,0.0,0.0,0.0,0.2338977817803967,0.0
listings,0.0,0.0,0.0,0.09318079134996461,0.0,0.0,0.0,0.0,0.0,0.0,0.0,0.0,0.0,0.0,0.0,0.0,0.0,0.0
live,0.0,0.0,0.06880364001598785,0.0,0.0,0.0,0.0,0.0,0.0,0.0,0.0,0.0,0.0,0.0,0.0,0.0,0.0,0.0
living,0.0,0.0,0.05721366992388824,0.0,0.0,0.0,0.0,0.05294523877151096,0.0,0.0,0.0,0.0,0.0,0.0,0.0,0.0,0.0,0.0
ll,0.0,0.0,0.0,0.0,0.0,0.0,0.0,0.06367053806968928,0.0,0.0,0.0,0.0,0.0,0.0,0.0,0.0,0.0,0.0
local,0.0,0.0,0.0,0.0,0.0,0.0,0.0,0.0,0.2695239331534374,0.0,0.0,0.0,0.0,0.0,0.0,0.0,0.0,0.0
long,0.0,0.0,0.0,0.09318079134996461,0.0,0.0,0.0,0.0,0.0,0.0,0.0,0.0,0.0,0.0,0.0,0.0,0.0,0.0
look,0.0,0.0,0.0,0.0,0.0,0.0,0.0,0.0,0.0,0.0,0.0,0.0,0.0,0.0,0.0,0.0,0.2812792607005487,0.0
losttime,0.0,0.0,0.0,0.09318079134996461,0.0,0.0,0.0,0.0,0.0,0.0,0.0,0.0,0.0,0.0,0.0,0.0,0.0,0.0
loudest,0.0,0.0,0.06880364001598785,0.0,0.0,0.0,0.0,0.0,0.0,0.0,0.0,0.0,0.0,0.0,0.0,0.0,0.0,0.0
love,0.0,0.0,0.0,0.0,0.0,0.0,0.0,0.05294523877151096,0.22412263863431703,0.0,0.0,0.0,0.0,0.0,0.0,0.0,0.0,0.0
lovethis,0.0,0.48100649626139574,0.0,0.0,0.0,0.0,0.0,0.0,0.0,0.0,0.0,0.0,0.0,0.0,0.0,0.0,0.0,0.0
loving,0.0,0.0,0.0,0.0,0.0,0.0,0.16802127929707258,0.0,0.0,0.0,0.0,0.0,0.0,0.0,0.0,0.0,0.0,0.0
machine,0.0,0.0,0.0,0.0,0.0,0.0,0.0,0.0,0.0,0.0,0.3783272375179693,0.0,0.0,0.0,0.0,0.0,0.0,0.0
make,0.0,0.0,0.0,0.09318079134996461,0.0,0.0,0.0,0.0,0.0,0.0,0.0,0.0,0.0,0.0,0.0,0.0,0.0,0.0
making,0.0,0.0,0.0,0.0,0.0,0.0,0.0,0.06367053806968928,0.0,0.0,0.0,0.0,0.0,0.0,0.0,0.0,0.0,0.0
marked,0.0,0.0,0.0,0.0,0.0,0.0,0.0,0.0,0.0,0.0,0.0,0.0,0.0,0.13571910750670177,0.0,0.0,0.0,0.0
matter,0.0,0.0,0.0,0.0,0.0,0.0,0.0,0.0,0.0,0.0,0.0,0.0,0.0,0.13571910750670177,0.0,0.0,0.0,0.0
maybe,0.0,0.0,0.11442733984777648,0.15496898240572052,0.0,0.0,0.0,0.0,0.0,0.0,0.0,0.0,0.0,0.0,0.0,0.0,0.0,0.0
megaran,0.0,0.0,0.0,0.0,0.0,0.0,0.0,0.0,0.2695239331534374,0.0,0.0,0.0,0.0,0.0,0.0,0.0,0.0,0.0
mergecube,0.0,0.0,0.0,0.0,0.0,0.0,0.0,0.0,0.2695239331534374,0.0,0.0,0.0,0.0,0.0,0.0,0.0,0.0,0.0
merrychristmastometome,0.5153049275652087,0.0,0.0,0.0,0.0,0.0,0.0,0.0,0.0,0.0,0.0,0.0,0.0,0.0,0.0,0.0,0.0,0.0
middle,0.0,0.0,0.0,0.0,0.0,0.0,0.0,0.0,0.0,0.0,0.0,0.0,0.0,0.0,0.0,0.0,0.0,0.15159321423764988
midnight,0.0,0.0,0.0,0.0,0.0,0.0,0.0,0.06367053806968928,0.0,0.0,0.0,0.0,0.0,0.0,0.0,0.0,0.0,0.0
mimoco,0.0,0.0,0.0,0.0,0.0,0.0,0.0,0.0,0.2695239331534374,0.0,0.0,0.0,0.0,0.0,0.0,0.0,0.0,0.0
minute,0.0,0.0,0.06880364001598785,0.0,0.0,0.0,0.0,0.0,0.0,0.0,0.0,0.0,0.0,0.0,0.0,0.0,0.0,0.0
miraculously,0.0,0.0,0.0,0.0,0.0,0.0,0.0,0.06367053806968928,0.0,0.0,0.0,0.0,0.0,0.0,0.0,0.0,0.0,0.0
missing,0.0,0.0,0.0,0.0,0.0,0.0,0.0,0.0,0.0,0.0,0.0,0.1823806881209695,0.0,0.0,0.0,0.0,0.0,0.0
mom,0.0,0.0,0.0,0.0,0.0,0.0,0.0,0.12734107613937856,0.0,0.0,0.0,0.0,0.0,0.0,0.0,0.0,0.0,0.0
month,0.0,0.0,0.0,0.0,0.0,0.1320792965812181,0.0,0.0,0.0,0.0,0.0,0.1516586693410415,0.0,0.0,0.0,0.0,0.0,0.0
moonlight,0.0,0.0,0.0,0.18636158269992922,0.0,0.0,0.0,0.0,0.0,0.0,0.0,0.0,0.0,0.0,0.0,0.0,0.0,0.0
morbidbox,0.0,0.0,0.0,0.0,0.0,0.0,0.0,0.0,0.0,0.0,0.0,0.1823806881209695,0.0,0.0,0.0,0.0,0.0,0.0
morbidcrate,0.0,0.0,0.0,0.0,0.0,0.0,0.0,0.0,0.0,0.0,0.0,0.1823806881209695,0.0,0.0,0.0,0.0,0.0,0.0
morbidcrates,0.0,0.0,0.0,0.0,0.0,0.0,0.0,0.0,0.0,0.0,0.0,0.1823806881209695,0.0,0.0,0.0,0.0,0.0,0.0
morning,0.0,0.0,0.0,0.0,0.0,0.0,0.0,0.0,0.0,0.0,0.0,0.0,0.0,0.13571910750670177,0.0,0.0,0.0,0.0
mother,0.0,0.0,0.10050107053844572,0.06805431574633915,0.0,0.0,0.0,0.18600635769490442,0.0,0.0,0.0,0.0,0.0,0.0,0.0,0.0,0.0,0.0
moved,0.0,0.0,0.1376072800319757,0.0,0.0,0.0,0.0,0.0,0.0,0.0,0.0,0.0,0.0,0.0,0.0,0.0,0.0,0.0
moving,0.0,0.0,0.05721366992388824,0.0,0.0,0.0,0.0,0.05294523877151096,0.0,0.0,0.0,0.0,0.0,0.0,0.0,0.0,0.0,0.0
murder,0.0,0.0,0.0,0.0,0.0,0.0,0.0,0.0,0.0,0.0,0.18916361875898466,0.0,0.0,0.0,0.0,0.0,0.0,0.0
mutual,0.0,0.0,0.0,0.0,0.0,0.158835054413189,0.0,0.0,0.0,0.0,0.0,0.0,0.0,0.0,0.0,0.0,0.0,0.0
myjobisbetterthanyours,0.0,0.0,0.0,0.0,0.3701336018127636,0.0,0.0,0.0,0.0,0.0,0.0,0.0,0.0,0.0,0.0,0.0,0.0,0.0
mysteries,0.0,0.0,0.0,0.0,0.0,0.158835054413189,0.0,0.0,0.0,0.0,0.0,0.0,0.0,0.0,0.0,0.0,0.0,0.0
mysterious,0.0,0.0,0.0,0.0,0.0,0.0,0.16802127929707258,0.0,0.0,0.0,0.0,0.0,0.0,0.0,0.0,0.0,0.0,0.0
mysteriouspackage,0.5153049275652087,0.0,0.0,0.0,0.0,0.0,0.0,0.0,0.0,0.0,0.0,0.0,0.0,0.0,0.0,0.0,0.0,0.0
mysteriouspackageco,0.14060110901042702,0.1578290714596408,0.0187730944780805,0.025424407766052922,0.1009910678378151,0.08667638753522254,0.04584465807098193,0.017372526022965483,0.07353968859812633,0.18944068202524483,0.10322670387650512,0.09952525442772199,0.11852609762592237,0.03703100049811361,0.11935012977252081,0.0,0.07674713335848236,0.04136225543384047
mysteriouspackagecompany,0.0,0.0,0.0,0.0,0.0,0.0,0.0,0.0,0.0,0.6943026098157093,0.0,0.0,0.0,0.0,0.0,0.0,0.0,0.0
mysteriouspkg,0.0,0.0,0.0,0.0,0.0,0.0,0.0,0.0,0.0,0.0,0.0,0.1823806881209695,0.0,0.0,0.0,0.0,0.0,0.0
mystery,0.0,0.0,0.0,0.0,0.0,0.0,0.2794362045862212,0.0,0.0,0.0,0.0,0.1516586693410415,0.0,0.0,0.0,0.0,0.0,0.0
mysterygift,0.0,0.0,0.0,0.09318079134996461,0.0,0.0,0.0,0.0,0.0,0.0,0.0,0.0,0.0,0.0,0.0,0.0,0.0,0.0
mysterymail,0.0,0.0,0.0,0.0,0.0,0.158835054413189,0.0,0.0,0.0,0.0,0.0,0.0,0.0,0.0,0.0,0.0,0.0,0.0
naturally,0.0,0.0,0.0,0.0,0.0,0.0,0.16802127929707258,0.0,0.0,0.0,0.0,0.0,0.0,0.0,0.0,0.0,0.0,0.0
nature,0.0,0.0,0.0,0.0,0.0,0.0,0.16802127929707258,0.0,0.0,0.0,0.0,0.0,0.0,0.0,0.0,0.0,0.0,0.0
near,0.0,0.0,0.0,0.0,0.0,0.0,0.0,0.0,0.0,0.0,0.0,0.0,0.0,0.0,0.0,0.0,0.0,0.15159321423764988
neat,0.0,0.0,0.0,0.0,0.0,0.0,0.0,0.0,0.0,0.0,0.0,0.0,0.0,0.0,0.0,0.0,0.0,0.15159321423764988
necronomicon,0.0,0.0,0.0,0.0,0.0,0.0,0.0,0.0,0.0,0.0,0.0,0.0,0.0,0.13571910750670177,0.0,0.0,0.0,0.0
new,0.0,0.0,0.0,0.0,0.0,0.158835054413189,0.0,0.0,0.0,0.0,0.0,0.0,0.0,0.0,0.0,0.0,0.0,0.0
newborn,0.0,0.0,0.0,0.0,0.0,0.0,0.0,0.06367053806968928,0.0,0.0,0.0,0.0,0.0,0.0,0.0,0.0,0.0,0.0
night,0.0,0.0,0.08272239479201669,0.05601548266409429,0.0,0.0,0.0,0.07655088285441122,0.0,0.0,0.0,0.0,0.0,0.08158732291911244,0.0,0.0,0.0,0.18226003323434178
nightmaresaretrue,0.0,0.0,0.06880364001598785,0.0,0.0,0.0,0.0,0.0,0.0,0.0,0.0,0.0,0.0,0.0,0.0,0.0,0.0,0.0
nose,0.0,0.0,0.0,0.09318079134996461,0.0,0.0,0.0,0.0,0.0,0.0,0.0,0.0,0.0,0.0,0.0,0.0,0.0,0.0
note,0.0,0.0,0.0,0.15496898240572052,0.0,0.0,0.0,0.0,0.0,0.0,0.0,0.0,0.0,0.0,0.0,0.0,0.0,0.1260573440602675
noticed,0.0,0.0,0.0,0.0,0.0,0.0,0.0,0.0,0.0,0.0,0.0,0.0,0.0,0.13571910750670177,0.0,0.0,0.0,0.0
numbers,0.0,0.0,0.0,0.0,0.0,0.0,0.0,0.0,0.0,0.0,0.0,0.0,0.4343997183349618,0.0,0.0,0.0,0.0,0.0
odd,0.0,0.0,0.06880364001598785,0.0,0.0,0.0,0.0,0.0,0.0,0.0,0.0,0.0,0.0,0.0,0.0,0.0,0.0,0.0
old,0.0,0.0,0.0,0.0,0.0,0.0,0.0,0.0,0.0,0.0,0.0,0.0,0.0,0.0,0.0,0.0,0.0,0.15159321423764988
ones,0.0,0.0,0.0,0.09318079134996461,0.0,0.0,0.0,0.0,0.0,0.0,0.0,0.0,0.0,0.0,0.0,0.0,0.0,0.0
open,0.0,0.0,0.0,0.07748449120286026,0.0,0.0,0.0,0.0,0.0,0.0,0.0,0.0,0.0,0.11285722990017379,0.0,0.0,0.0,0.0
otherworldly,0.0,0.0,0.0,0.0,0.0,0.0,0.16802127929707258,0.0,0.0,0.0,0.0,0.0,0.0,0.0,0.0,0.0,0.0,0.0
overnight,0.0,0.0,0.0,0.09318079134996461,0.0,0.0,0.0,0.0,0.0,0.0,0.0,0.0,0.0,0.0,0.0,0.0,0.0,0.0
owns,0.0,0.0,0.0,0.0,0.0,0.0,0.0,0.0,0.0,0.0,0.18916361875898466,0.0,0.0,0.0,0.0,0.0,0.0,0.0
package,0.0,0.0,0.0,0.0,0.0,0.0,0.33604255859414517,0.0,0.0,0.0,0.0,0.0,0.0,0.0,0.0,0.0,0.0,0.0
paper,0.0,0.0,0.0,0.0,0.0,0.0,0.16802127929707258,0.0,0.0,0.0,0.0,0.0,0.0,0.0,0.0,0.0,0.0,0.0
paranoia,0.0,0.0,0.0,0.0,0.0,0.158835054413189,0.0,0.0,0.0,0.0,0.0,0.0,0.0,0.0,0.0,0.0,0.0,0.0
particularly,0.0,0.0,0.0,0.09318079134996461,0.0,0.0,0.0,0.0,0.0,0.0,0.0,0.0,0.0,0.0,0.0,0.0,0.0,0.0
passed,0.0,0.0,0.0,0.0,0.0,0.0,0.0,0.0,0.0,0.0,0.18916361875898466,0.0,0.0,0.0,0.0,0.0,0.0,0.0
past,0.0,0.0,0.0,0.0,0.0,0.0,0.0,0.0,0.0,0.0,0.18916361875898466,0.0,0.0,0.0,0.0,0.0,0.0,0.0
peek,0.0,0.0,0.0,0.0,0.0,0.158835054413189,0.0,0.0,0.0,0.0,0.0,0.0,0.0,0.0,0.0,0.0,0.0,0.0
photo,0.0,0.0,0.0,0.0,0.0,0.0,0.0,0.0,0.0,0.0,0.0,0.0,0.0,0.0,0.0,0.0,0.0,0.15159321423764988
piece,0.0,0.0,0.0,0.0,0.0,0.0,0.0,0.0,0.0,0.0,0.0,0.0,0.0,0.13571910750670177,0.0,0.0,0.0,0.0
place,0.0,0.0,0.11442733984777648,0.0,0.0,0.0,0.0,0.0,0.0,0.0,0.0,0.0,0.0,0.11285722990017379,0.0,0.0,0.0,0.0
plagueoffrogs,0.0,0.0,0.06880364001598785,0.0,0.0,0.0,0.0,0.0,0.0,0.0,0.0,0.0,0.0,0.0,0.0,0.0,0.0,0.0
playwithus,0.0,0.0,0.0,0.0,0.0,0.0,0.0,0.0,0.0,0.0,0.0,0.1823806881209695,0.0,0.0,0.0,0.0,0.0,0.0
pleased,0.0,0.0,0.0,0.0,0.0,0.158835054413189,0.0,0.0,0.0,0.0,0.0,0.0,0.0,0.0,0.0,0.0,0.0,0.0
port,0.0,0.0,0.06880364001598785,0.0,0.0,0.0,0.0,0.0,0.0,0.0,0.0,0.0,0.0,0.0,0.0,0.0,0.0,0.0
position,0.0,0.0,0.06880364001598785,0.0,0.0,0.0,0.0,0.0,0.0,0.0,0.0,0.0,0.0,0.0,0.0,0.0,0.0,0.0
possibly,0.0,0.0,0.06880364001598785,0.0,0.0,0.0,0.0,0.0,0.0,0.0,0.0,0.0,0.0,0.0,0.0,0.0,0.0,0.0
post,0.0,0.0,0.0,0.0,0.0,0.0,0.16802127929707258,0.0,0.0,0.0,0.0,0.0,0.0,0.0,0.0,0.0,0.0,0.0
present,0.0,0.0,0.0,0.0,0.0,0.0,0.0,0.06367053806968928,0.0,0.0,0.0,0.0,0.0,0.0,0.0,0.0,0.0,0.0
pretty,0.0,0.0,0.0,0.07748449120286026,0.0,0.1320792965812181,0.0,0.0,0.0,0.0,0.0,0.0,0.0,0.0,0.0,0.0,0.0,0.0
probably,0.0,0.0,0.0,0.09318079134996461,0.0,0.0,0.0,0.0,0.0,0.0,0.0,0.0,0.0,0.0,0.0,0.0,0.0,0.0
project,0.0,0.0,0.0,0.09318079134996461,0.0,0.0,0.0,0.0,0.0,0.0,0.0,0.0,0.0,0.0,0.0,0.0,0.0,0.0
pull,0.0,0.0,0.05721366992388824,0.0,0.0,0.0,0.0,0.0,0.0,0.0,0.0,0.0,0.0,0.11285722990017379,0.0,0.0,0.0,0.0
puzzles,0.0,0.0,0.0,0.0,0.0,0.158835054413189,0.0,0.0,0.0,0.0,0.0,0.0,0.0,0.0,0.0,0.0,0.0,0.0
questions,0.0,0.0,0.0,0.09318079134996461,0.0,0.0,0.0,0.0,0.0,0.0,0.0,0.0,0.0,0.0,0.0,0.0,0.0,0.0
quick,0.0,0.0,0.0,0.0,0.0,0.158835054413189,0.0,0.0,0.0,0.0,0.0,0.0,0.0,0.0,0.0,0.0,0.0,0.0
rained,0.0,0.0,0.06880364001598785,0.0,0.0,0.0,0.0,0.0,0.0,0.0,0.0,0.0,0.0,0.0,0.0,0.0,0.0,0.0
ran,0.0,0.0,0.0,0.0,0.0,0.0,0.0,0.0,0.0,0.0,0.0,0.0,0.0,0.13571910750670177,0.0,0.0,0.0,0.0
random,0.0,0.0,0.0,0.0,0.2703259828679826,0.0,0.0,0.0,0.0,0.0,0.0,0.0,0.3172625512554151,0.0,0.15973413207191198,0.0,0.0,0.0
real,0.0,0.0,0.0,0.0,0.0,0.0,0.0,0.0,0.0,0.0,0.18916361875898466,0.0,0.0,0.0,0.0,0.0,0.0,0.0
reallifenancydrews,0.0,0.0,0.0,0.0,0.0,0.158835054413189,0.0,0.0,0.0,0.0,0.0,0.0,0.0,0.0,0.0,0.0,0.0,0.0
really,0.0,0.0,0.0,0.0,0.0,0.158835054413189,0.0,0.0,0.0,0.0,0.0,0.0,0.0,0.0,0.0,0.0,0.0,0.0
rebar,0.0,0.0,0.0,0.0,0.0,0.0,0.0,0.0,0.0,0.0,0.0,0.0,0.0,0.27143821501340354,0.0,0.0,0.0,0.0
red,0.0,0.0,0.0,0.0,0.0,0.0,0.0,0.06367053806968928,0.0,0.0,0.0,0.0,0.0,0.0,0.0,0.0,0.0,0.0
release,0.0,0.0,0.06880364001598785,0.0,0.0,0.0,0.0,0.0,0.0,0.0,0.0,0.0,0.0,0.0,0.0,0.0,0.0,0.0
relocating,0.0,0.0,0.0,0.09318079134996461,0.0,0.0,0.0,0.0,0.0,0.0,0.0,0.0,0.0,0.0,0.0,0.0,0.0,0.0
remember,0.0,0.0,0.05721366992388824,0.15496898240572052,0.0,0.0,0.0,0.0,0.0,0.0,0.0,0.0,0.0,0.0,0.0,0.0,0.0,0.0
reside,0.0,0.0,0.0,0.0,0.0,0.0,0.0,0.0,0.0,0.0,0.0,0.0,0.0,0.13571910750670177,0.0,0.0,0.0,0.0
residence,0.0,0.0,0.0,0.09318079134996461,0.0,0.0,0.0,0.0,0.0,0.0,0.0,0.0,0.0,0.0,0.0,0.0,0.0,0.0
resting,0.0,0.0,0.06880364001598785,0.0,0.0,0.0,0.0,0.0,0.0,0.0,0.0,0.0,0.0,0.0,0.0,0.0,0.0,0.0
return,0.0,0.0,0.0,0.09318079134996461,0.0,0.0,0.0,0.0,0.0,0.0,0.0,0.0,0.0,0.0,0.0,0.0,0.0,0.0
right,0.0,0.0,0.0,0.0,0.0,0.158835054413189,0.0,0.0,0.0,0.0,0.0,0.0,0.0,0.0,0.0,0.0,0.0,0.0
roads,0.0,0.0,0.06880364001598785,0.0,0.0,0.0,0.0,0.0,0.0,0.0,0.0,0.0,0.0,0.0,0.0,0.0,0.0,0.0
room,0.0,0.0,0.05025053526922286,0.0,0.0,0.0,0.0,0.046501589423726106,0.0,0.0,0.0,0.0,0.0,0.099122049311464,0.0,0.0,0.0,0.0
running,0.0,0.0,0.0,0.0,0.0,0.0,0.0,0.0,0.0,0.0,0.0,0.0,0.0,0.0,0.0,0.0,0.0,0.15159321423764988
sad,0.0,0.0,0.0,0.0,0.0,0.0,0.0,0.12734107613937856,0.0,0.0,0.0,0.0,0.0,0.0,0.0,0.0,0.0,0.0
sadclown,0.0,0.0,0.0,0.0,0.0,0.0,0.0,0.06367053806968928,0.0,0.0,0.0,0.0,0.0,0.0,0.0,0.0,0.0,0.0
said,0.0,0.0,0.0,0.0,0.0,0.0,0.0,0.06367053806968928,0.0,0.0,0.0,0.0,0.0,0.0,0.0,0.0,0.0,0.0
salesman,0.0,0.0,0.06880364001598785,0.0,0.0,0.0,0.0,0.0,0.0,0.0,0.0,0.0,0.0,0.0,0.0,0.0,0.0,0.0
sangria,0.0,0.0,0.0,0.09318079134996461,0.0,0.0,0.0,0.0,0.0,0.0,0.0,0.0,0.0,0.0,0.0,0.0,0.0,0.0
saw,0.0,0.0,0.05721366992388824,0.0,0.0,0.0,0.1397181022931106,0.0,0.0,0.0,0.0,0.0,0.0,0.0,0.0,0.0,0.0,0.0
say,0.0,0.0,0.0,0.09318079134996461,0.0,0.0,0.0,0.0,0.0,0.0,0.0,0.0,0.0,0.0,0.0,0.0,0.0,0.0
scaryclown,0.0,0.0,0.0,0.0,0.0,0.0,0.0,0.06367053806968928,0.0,0.0,0.0,0.0,0.0,0.0,0.0,0.0,0.0,0.0
scene,0.0,0.0,0.06880364001598785,0.0,0.0,0.0,0.0,0.0,0.0,0.0,0.0,0.0,0.0,0.0,0.0,0.0,0.0,0.0
scent,0.0,0.0,0.0,0.09318079134996461,0.0,0.0,0.0,0.0,0.0,0.0,0.0,0.0,0.0,0.0,0.0,0.0,0.0,0.0
scorpion,0.0,0.0,0.0,0.0,0.0,0.0,0.0,0.0,0.0,0.0,0.0,0.0,0.0,0.13571910750670177,0.0,0.0,0.0,0.0
searched,0.0,0.0,0.06880364001598785,0.0,0.0,0.0,0.0,0.0,0.0,0.0,0.0,0.0,0.0,0.0,0.0,0.0,0.0,0.0
second,0.0,0.0,0.0,0.0,0.0,0.0,0.16802127929707258,0.0,0.0,0.0,0.0,0.0,0.0,0.0,0.0,0.0,0.0,0.0
seeing,0.0,0.0,0.0,0.09318079134996461,0.0,0.0,0.0,0.0,0.0,0.0,0.0,0.0,0.0,0.0,0.0,0.0,0.0,0.0
self,0.0,0.0,0.0,0.0,0.0,0.0,0.16802127929707258,0.0,0.0,0.0,0.0,0.0,0.0,0.0,0.0,0.0,0.0,0.0
selling,0.0,0.0,0.0,0.0,0.0,0.0,0.0,0.06367053806968928,0.0,0.0,0.0,0.0,0.0,0.0,0.0,0.0,0.0,0.0
sending,0.0,0.0,0.0,0.0,0.0,0.158835054413189,0.0,0.0,0.0,0.0,0.0,0.0,0.0,0.0,0.0,0.0,0.0,0.0
seventeen,0.0,0.0,0.0,0.0,0.0,0.0,0.0,0.06367053806968928,0.0,0.0,0.0,0.0,0.0,0.0,0.0,0.0,0.0,0.0
sewing,0.0,0.0,0.0,0.0,0.0,0.0,0.0,0.0,0.0,0.0,0.3783272375179693,0.0,0.0,0.0,0.0,0.0,0.0,0.0
shelf,0.0,0.0,0.0,0.0,0.0,0.0,0.0,0.0,0.0,0.0,0.0,0.0,0.0,0.0,0.0,0.0,0.0,0.15159321423764988
shook,0.0,0.0,0.0,0.0,0.0,0.0,0.0,0.0,0.0,0.0,0.0,0.0,0.0,0.0,0.0,0.0,0.2812792607005487,0.0
shoot,0.0,0.0,0.0,0.0,0.0,0.0,0.0,0.0,0.0,0.0,0.0,0.0,0.0,0.0,0.0,0.0,0.0,0.15159321423764988
shop,0.0,0.0,0.0,0.07748449120286026,0.30778461309509975,0.0,0.0,0.0,0.0,0.0,0.0,0.0,0.0,0.0,0.0,0.0,0.0,0.0
shopping,0.0,0.0,0.06880364001598785,0.0,0.0,0.0,0.0,0.0,0.0,0.0,0.0,0.0,0.0,0.0,0.0,0.0,0.0,0.0
short,0.0,0.0,0.0,0.0,0.0,0.0,0.0,0.0,0.0,0.0,0.0,0.1823806881209695,0.0,0.0,0.0,0.0,0.0,0.0
sickly,0.0,0.0,0.06880364001598785,0.0,0.0,0.0,0.0,0.0,0.0,0.0,0.0,0.0,0.0,0.0,0.0,0.0,0.0,0.0
signed,0.0,0.0,0.0,0.0,0.0,0.0,0.16802127929707258,0.0,0.0,0.0,0.0,0.0,0.0,0.0,0.0,0.0,0.0,0.0
singed,0.0,0.0,0.0,0.0,0.0,0.0,0.0,0.06367053806968928,0.0,0.0,0.0,0.0,0.0,0.0,0.0,0.0,0.0,0.0
sink,0.0,0.0,0.06880364001598785,0.0,0.0,0.0,0.0,0.0,0.0,0.0,0.0,0.0,0.0,0.0,0.0,0.0,0.0,0.0
sits,0.0,0.0,0.0,0.0,0.0,0.0,0.0,0.0,0.0,0.0,0.0,0.0,0.0,0.0,0.0,0.0,0.0,0.15159321423764988
sitting,0.0,0.0,0.11442733984777648,0.07748449120286026,0.0,0.0,0.0,0.0,0.0,0.0,0.0,0.0,0.0,0.0,0.0,0.0,0.0,0.0
sized,0.0,0.0,0.0,0.0,0.0,0.0,0.0,0.0,0.0,0.0,0.0,0.0,0.0,0.13571910750670177,0.0,0.0,0.0,0.0
sketchbooks,0.0,0.0,0.0,0.0,0.0,0.0,0.0,0.0,0.2695239331534374,0.0,0.0,0.0,0.0,0.0,0.0,0.0,0.0,0.0
skull,0.0,0.0,0.0,0.0,0.3701336018127636,0.0,0.0,0.0,0.0,0.0,0.0,0.0,0.0,0.0,0.0,0.0,0.0,0.0
sleep,0.0,0.0,0.0,0.0,0.0,0.0,0.0,0.06367053806968928,0.0,0.0,0.0,0.0,0.0,0.0,0.0,0.0,0.0,0.0
slightly,0.0,0.0,0.0,0.0,0.0,0.0,0.0,0.06367053806968928,0.0,0.0,0.0,0.0,0.0,0.0,0.0,0.0,0.0,0.0
slipped,0.0,0.0,0.06880364001598785,0.0,0.0,0.0,0.0,0.0,0.0,0.0,0.0,0.0,0.0,0.0,0.0,0.0,0.0,0.0
slovenly,0.0,0.0,0.0,0.0,0.0,0.0,0.0,0.06367053806968928,0.0,0.0,0.0,0.0,0.0,0.0,0.0,0.0,0.0,0.0
smell,0.0,0.0,0.0,0.0,0.0,0.0,0.0,0.0,0.0,0.0,0.0,0.0,0.0,0.0,0.0,0.0,0.2812792607005487,0.0
smelled,0.0,0.0,0.0,0.0,0.0,0.0,0.0,0.06367053806968928,0.0,0.0,0.0,0.0,0.0,0.0,0.0,0.0,0.0,0.0
smoke,0.0,0.0,0.0,0.0,0.0,0.0,0.0,0.12734107613937856,0.0,0.0,0.0,0.0,0.0,0.0,0.0,0.0,0.0,0.0
smoking,0.0,0.0,0.0,0.0,0.0,0.0,0.0,0.06367053806968928,0.0,0.0,0.0,0.0,0.0,0.0,0.0,0.0,0.0,0.0
snailmail,0.0,0.0,0.0,0.0,0.0,0.0,0.16802127929707258,0.0,0.0,0.0,0.0,0.0,0.0,0.0,0.0,0.0,0.0,0.0
snuck,0.0,0.0,0.0,0.0,0.0,0.0,0.0,0.06367053806968928,0.0,0.0,0.0,0.0,0.0,0.0,0.0,0.0,0.0,0.0
solving,0.0,0.0,0.0,0.0,0.0,0.1320792965812181,0.1397181022931106,0.0,0.0,0.0,0.0,0.0,0.0,0.0,0.0,0.0,0.0,0.0
somebody,0.0,0.0,0.0,0.09318079134996461,0.0,0.0,0.0,0.0,0.0,0.0,0.0,0.0,0.0,0.0,0.0,0.0,0.0,0.0
sorted,0.0,0.0,0.0,0.0,0.0,0.0,0.0,0.0,0.0,0.0,0.18916361875898466,0.0,0.0,0.0,0.0,0.0,0.0,0.0
sound,0.0,0.0,0.06880364001598785,0.0,0.0,0.0,0.0,0.0,0.0,0.0,0.0,0.0,0.0,0.0,0.0,0.0,0.0,0.0
sounded,0.0,0.0,0.0,0.0,0.0,0.0,0.0,0.0,0.0,0.0,0.0,0.0,0.0,0.0,0.0,0.0,0.0,0.15159321423764988
special,0.0,0.0,0.0,0.0,0.0,0.0,0.0,0.0,0.2695239331534374,0.0,0.0,0.0,0.0,0.0,0.0,0.0,0.0,0.0
specialize,0.0,0.0,0.0,0.0,0.0,0.0,0.16802127929707258,0.0,0.0,0.0,0.0,0.0,0.0,0.0,0.0,0.0,0.0,0.0
spiders,0.0,0.0,0.0,0.0,0.0,0.0,0.0,0.0,0.0,0.0,0.0,0.0,0.0,0.13571910750670177,0.0,0.0,0.0,0.0
splinter,0.0,0.0,0.0,0.0,0.0,0.0,0.0,0.0,0.0,0.0,0.0,0.1823806881209695,0.0,0.0,0.0,0.0,0.0,0.0
spoilers,0.0,0.0,0.0,0.0,0.0,0.0,0.0,0.0,0.0,0.0,0.0,0.1823806881209695,0.0,0.0,0.0,0.0,0.0,0.0
spotlight,0.0,0.0,0.0,0.0,0.0,0.0,0.0,0.06367053806968928,0.0,0.0,0.0,0.0,0.0,0.0,0.0,0.0,0.0,0.0
stamps,0.0,0.0,0.0,0.0,0.0,0.0,0.16802127929707258,0.0,0.0,0.0,0.0,0.0,0.0,0.0,0.0,0.0,0.0,0.0
staring,0.0,0.0,0.0,0.09318079134996461,0.0,0.0,0.0,0.0,0.0,0.0,0.0,0.0,0.0,0.0,0.0,0.0,0.0,0.0
started,0.0,0.0,0.1376072800319757,0.0,0.0,0.0,0.0,0.0,0.0,0.0,0.0,0.0,0.0,0.0,0.0,0.0,0.0,0.0
stated,0.0,0.0,0.0,0.0,0.0,0.0,0.16802127929707258,0.0,0.0,0.0,0.0,0.0,0.0,0.0,0.0,0.0,0.0,0.0
stems,0.0,0.0,0.0,0.09318079134996461,0.0,0.0,0.0,0.0,0.0,0.0,0.0,0.0,0.0,0.0,0.0,0.0,0.0,0.0
step,0.0,0.0,0.0,0.0,0.0,0.0,0.16802127929707258,0.0,0.0,0.0,0.0,0.0,0.0,0.0,0.0,0.0,0.0,0.0
stereo,0.0,0.0,0.1376072800319757,0.0,0.0,0.0,0.0,0.0,0.0,0.0,0.0,0.0,0.0,0.0,0.0,0.0,0.0,0.0
stickers,0.0,0.0,0.0,0.0,0.0,0.0,0.0,0.0,0.2695239331534374,0.0,0.0,0.0,0.0,0.0,0.0,0.0,0.0,0.0
stolen,0.0,0.0,0.06880364001598785,0.0,0.0,0.0,0.0,0.0,0.0,0.0,0.0,0.0,0.0,0.0,0.0,0.0,0.0,0.0
stories,0.0,0.0,0.0,0.0,0.0,0.0,0.0,0.0,0.0,0.0,0.0,0.0,0.0,0.0,0.21870990353556213,0.0,0.0,0.0
story,0.0,0.0,0.0,0.0,0.0,0.0,0.0,0.0,0.0,0.0,0.0,0.0,0.0,0.0,0.43741980707112427,0.0,0.0,0.0
strange,0.0,0.0,0.0,0.07748449120286026,0.0,0.0,0.1397181022931106,0.0,0.0,0.0,0.0,0.0,0.0,0.0,0.0,0.0,0.0,0.0
stream,0.0,0.0,0.0,0.09318079134996461,0.0,0.0,0.0,0.0,0.0,0.0,0.0,0.0,0.0,0.0,0.0,0.0,0.0,0.0
strike,0.0,0.0,0.06880364001598785,0.0,0.0,0.0,0.0,0.0,0.0,0.0,0.0,0.0,0.0,0.0,0.0,0.0,0.0,0.0
study,0.0,0.0,0.0,0.0,0.0,0.0,0.0,0.0,0.0,0.0,0.0,0.0,0.4343997183349618,0.0,0.0,0.0,0.0,0.0
stuff,0.0,0.0,0.0,0.0,0.3701336018127636,0.0,0.0,0.0,0.0,0.0,0.0,0.0,0.0,0.0,0.0,0.0,0.0,0.0
stunning,0.0,0.0,0.0,0.0,0.0,0.0,0.0,0.0,0.0,0.0,0.18916361875898466,0.0,0.0,0.0,0.0,0.0,0.0,0.0
subscription,0.0,0.0,0.0,0.0,0.0,0.0,0.0,0.0,0.0,0.0,0.0,0.1823806881209695,0.0,0.0,0.0,0.0,0.0,0.0
subscriptionaddiction,0.0,0.0,0.0,0.0,0.0,0.0,0.0,0.0,0.0,0.0,0.0,0.1823806881209695,0.0,0.0,0.0,0.0,0.0,0.0
subscriptionbox,0.0,0.0,0.0,0.0,0.0,0.0,0.0,0.0,0.0,0.0,0.0,0.1823806881209695,0.0,0.0,0.0,0.0,0.0,0.0
suffered,0.0,0.0,0.0,0.0,0.0,0.0,0.0,0.06367053806968928,0.0,0.0,0.0,0.0,0.0,0.0,0.0,0.0,0.0,0.0
summer,0.0,0.0,0.0,0.09318079134996461,0.0,0.0,0.0,0.0,0.0,0.0,0.0,0.0,0.0,0.0,0.0,0.0,0.0,0.0
sure,0.0,0.0,0.0,0.09318079134996461,0.0,0.0,0.0,0.0,0.0,0.0,0.0,0.0,0.0,0.0,0.0,0.0,0.0,0.0
swear,0.0,0.0,0.11442733984777648,0.0,0.0,0.0,0.0,0.0,0.0,0.0,0.0,0.0,0.0,0.0,0.0,0.0,0.0,0.1260573440602675
swinging,0.0,0.0,0.0,0.0,0.0,0.0,0.0,0.0,0.0,0.0,0.0,0.0,0.0,0.0,0.0,0.0,0.0,0.15159321423764988
swings,0.0,0.0,0.0,0.0,0.0,0.0,0.0,0.0,0.0,0.0,0.0,0.0,0.0,0.0,0.0,0.0,0.0,0.15159321423764988
sworn,0.0,0.0,0.0,0.0,0.0,0.0,0.0,0.0,0.0,0.0,0.0,0.0,0.0,0.0,0.0,0.0,0.0,0.15159321423764988
symbols,0.0,0.0,0.0,0.0,0.0,0.0,0.0,0.0,0.0,0.0,0.0,0.0,0.4343997183349618,0.0,0.0,0.0,0.0,0.0
table,0.0,0.0,0.05721366992388824,0.0,0.0,0.0,0.0,0.0,0.0,0.0,0.0,0.0,0.0,0.11285722990017379,0.0,0.0,0.0,0.0
taking,0.0,0.0,0.0,0.09318079134996461,0.0,0.0,0.0,0.0,0.0,0.0,0.0,0.0,0.0,0.0,0.0,0.0,0.0,0.0
tapping,0.0,0.0,0.06880364001598785,0.0,0.0,0.0,0.0,0.0,0.0,0.0,0.0,0.0,0.0,0.0,0.0,0.0,0.0,0.0
tattered,0.0,0.0,0.0,0.0,0.0,0.0,0.0,0.06367053806968928,0.0,0.0,0.0,0.0,0.0,0.0,0.0,0.0,0.0,0.0
tattle,0.0,0.0,0.0,0.0,0.0,0.0,0.0,0.06367053806968928,0.0,0.0,0.0,0.0,0.0,0.0,0.0,0.0,0.0,0.0
teekhall,0.0,0.0,0.0,0.0,0.0,0.0,0.0,0.0,0.2695239331534374,0.0,0.0,0.0,0.0,0.0,0.0,0.0,0.0,0.0
teenage,0.0,0.0,0.0,0.0,0.0,0.0,0.0,0.06367053806968928,0.0,0.0,0.0,0.0,0.0,0.0,0.0,0.0,0.0,0.0
tell,0.0,0.0,0.05721366992388824,0.0,0.0,0.0,0.0,0.10589047754302192,0.0,0.0,0.0,0.0,0.0,0.0,0.0,0.0,0.0,0.0
telling,0.0,0.0,0.0,0.09318079134996461,0.0,0.0,0.0,0.0,0.0,0.0,0.0,0.0,0.0,0.0,0.0,0.0,0.0,0.0
thanking,0.0,0.0,0.0,0.09318079134996461,0.0,0.0,0.0,0.0,0.0,0.0,0.0,0.0,0.0,0.0,0.0,0.0,0.0,0.0
thankyouforexisting,0.0,0.0,0.0,0.0,0.0,0.158835054413189,0.0,0.0,0.0,0.0,0.0,0.0,0.0,0.0,0.0,0.0,0.0,0.0
themysteriouspackagecompany,0.0,0.0,0.0,0.0,0.0,0.158835054413189,0.0,0.0,0.0,0.0,0.0,0.0,0.0,0.0,0.0,0.0,0.0,0.0
thepackage,0.0,0.2817684623930718,0.0,0.0,0.0,0.0,0.0,0.0,0.0,0.0,0.0,0.0,0.0,0.0,0.0,0.0,0.0,0.0
thepaper,0.4285018354990834,0.24670191879176342,0.0,0.0,0.0,0.0,0.0,0.0,0.0,0.0,0.0,0.0,0.0,0.0,0.0,0.0,0.0,0.0
thereisareasontheclockwasabandoned,0.0,0.0,0.0,0.0,0.0,0.0,0.0,0.0,0.0,0.0,0.0,0.0,0.0,0.0,0.0,0.0,0.0,0.15159321423764988
thing,0.0,0.0,0.06880364001598785,0.0,0.0,0.0,0.0,0.0,0.0,0.0,0.0,0.0,0.0,0.0,0.0,0.0,0.0,0.0
things,0.0,0.0,0.0,0.0,0.0,0.158835054413189,0.0,0.0,0.0,0.0,0.0,0.0,0.0,0.0,0.0,0.0,0.0,0.0
think,0.0,0.0,0.0,0.0,0.0,0.158835054413189,0.0,0.0,0.0,0.0,0.0,0.0,0.0,0.0,0.0,0.0,0.0,0.0
thought,0.0,0.0,0.05025053526922286,0.0,0.0,0.11600471286002051,0.0,0.0,0.0,0.0,0.0,0.0,0.0,0.0,0.0,0.0,0.0,0.22143131255421294
throwing,0.0,0.0,0.0,0.0,0.0,0.0,0.0,0.06367053806968928,0.0,0.0,0.0,0.0,0.0,0.0,0.0,0.0,0.0,0.0
thrown,0.0,0.0,0.0,0.0,0.0,0.0,0.0,0.06367053806968928,0.0,0.0,0.0,0.0,0.0,0.0,0.0,0.0,0.0,0.0
tied,0.0,0.0,0.0,0.0,0.0,0.0,0.0,0.0,0.0,0.0,0.0,0.0,0.0,0.13571910750670177,0.0,0.0,0.0,0.0
tile,0.0,0.0,0.0,0.0,0.0,0.0,0.0,0.06367053806968928,0.0,0.0,0.0,0.0,0.0,0.0,0.0,0.0,0.0,0.0
times,0.0,0.0,0.0,0.0,0.0,0.0,0.0,0.0,0.0,0.0,0.0,0.0,0.0,0.0,0.0,0.0,0.2812792607005487,0.0
today,0.0,0.0,0.0,0.0,0.3701336018127636,0.0,0.0,0.0,0.0,0.0,0.0,0.0,0.0,0.0,0.0,0.0,0.0,0.0
tonight,0.0,0.0,0.0,0.0,0.0,0.158835054413189,0.0,0.0,0.0,0.0,0.0,0.0,0.0,0.0,0.0,0.0,0.0,0.0
touched,0.0,0.0,0.06880364001598785,0.0,0.0,0.0,0.0,0.0,0.0,0.0,0.0,0.0,0.0,0.0,0.0,0.0,0.0,0.0
train,0.0,0.0,0.0,0.0,0.0,0.0,0.0,0.1910116142090679,0.0,0.0,0.0,0.0,0.0,0.0,0.0,0.0,0.0,0.0
trapped,0.0,0.0,0.06880364001598785,0.0,0.0,0.0,0.0,0.0,0.0,0.0,0.0,0.0,0.0,0.0,0.0,0.0,0.0,0.0
traveling,0.0,0.0,0.0,0.0,0.0,0.0,0.0,0.06367053806968928,0.0,0.0,0.0,0.0,0.0,0.0,0.0,0.0,0.0,0.0
tried,0.0,0.0,0.0,0.0,0.0,0.0,0.0,0.0,0.0,0.0,0.0,0.0,0.0,0.11285722990017379,0.0,0.0,0.2338977817803967,0.0
trips,0.0,0.0,0.06880364001598785,0.0,0.0,0.0,0.0,0.0,0.0,0.0,0.0,0.0,0.0,0.0,0.0,0.0,0.0,0.0
tucsoncomiccon,0.0,0.0,0.0,0.0,0.0,0.0,0.0,0.0,0.2695239331534374,0.0,0.0,0.0,0.0,0.0,0.0,0.0,0.0,0.0
turned,0.0,0.0,0.06880364001598785,0.0,0.0,0.0,0.0,0.0,0.0,0.0,0.0,0.0,0.0,0.0,0.0,0.0,0.0,0.0
unannounced,0.0,0.0,0.0,0.0,0.0,0.0,0.16802127929707258,0.0,0.0,0.0,0.0,0.0,0.0,0.0,0.0,0.0,0.0,0.0
uncanny,0.0,0.0,0.0,0.0,0.0,0.0,0.0,0.06367053806968928,0.0,0.0,0.0,0.0,0.0,0.0,0.0,0.0,0.0,0.0
understand,0.0,0.0,0.06880364001598785,0.0,0.0,0.0,0.0,0.0,0.0,0.0,0.0,0.0,0.0,0.0,0.0,0.0,0.0,0.0
unfortunately,0.0,0.0,0.0,0.0,0.0,0.0,0.0,0.06367053806968928,0.0,0.0,0.0,0.0,0.0,0.0,0.0,0.0,0.0,0.0
unharmed,0.0,0.0,0.0,0.0,0.0,0.0,0.0,0.06367053806968928,0.0,0.0,0.0,0.0,0.0,0.0,0.0,0.0,0.0,0.0
vanity,0.0,0.0,0.0,0.09318079134996461,0.0,0.0,0.0,0.0,0.0,0.0,0.0,0.0,0.0,0.0,0.0,0.0,0.0,0.0
vase,0.0,0.0,0.0,0.18636158269992922,0.0,0.0,0.0,0.0,0.0,0.0,0.0,0.0,0.0,0.0,0.0,0.0,0.0,0.0
ve,0.0,0.0,0.10050107053844572,0.0,0.0,0.11600471286002051,0.0,0.0,0.0,0.0,0.0,0.0,0.0,0.099122049311464,0.0,0.0,0.0,0.0
vintage,0.0,0.0,0.0,0.09318079134996461,0.0,0.0,0.0,0.0,0.0,0.0,0.0,0.0,0.0,0.0,0.0,0.0,0.0,0.0
vintagedoll,0.0,0.0,0.0,0.0,0.0,0.0,0.0,0.06367053806968928,0.0,0.0,0.0,0.0,0.0,0.0,0.0,0.0,0.0,0.0
vintagevase,0.0,0.0,0.0,0.09318079134996461,0.0,0.0,0.0,0.0,0.0,0.0,0.0,0.0,0.0,0.0,0.0,0.0,0.0,0.0
volumes,0.0,0.0,0.0,0.0,0.0,0.158835054413189,0.0,0.0,0.0,0.0,0.0,0.0,0.0,0.0,0.0,0.0,0.0,0.0
waiting,0.0,0.0,0.0,0.15496898240572052,0.0,0.1320792965812181,0.0,0.0,0.0,0.0,0.0,0.0,0.0,0.0,0.0,0.0,0.0,0.0
wandered,0.0,0.0,0.0,0.09318079134996461,0.0,0.0,0.0,0.0,0.0,0.0,0.0,0.0,0.0,0.0,0.0,0.0,0.0,0.0
wanted,0.0,0.0,0.0,0.0,0.0,0.0,0.0,0.06367053806968928,0.0,0.0,0.0,0.0,0.0,0.0,0.0,0.0,0.0,0.0
watch,0.0,0.0,0.0,0.0,0.0,0.0,0.0,0.06367053806968928,0.0,0.0,0.0,0.0,0.0,0.0,0.0,0.0,0.0,0.0
weary,0.0,0.0,0.0,0.0,0.0,0.0,0.0,0.06367053806968928,0.0,0.0,0.0,0.0,0.0,0.0,0.0,0.0,0.0,0.0
wearywilly,0.0,0.0,0.0,0.0,0.0,0.0,0.0,0.06367053806968928,0.0,0.0,0.0,0.0,0.0,0.0,0.0,0.0,0.0,0.0
wedding,0.0,0.0,0.0,0.0,0.0,0.0,0.0,0.06367053806968928,0.0,0.0,0.0,0.0,0.0,0.0,0.0,0.0,0.0,0.0
weeks,0.0,0.0,0.09051412470066246,0.061291653799110495,0.0,0.0,0.11051958169019928,0.0,0.0,0.0,0.0,0.0,0.0,0.08927213893240006,0.0,0.0,0.0,0.0
weeping,0.0,0.0,0.0,0.0,0.0,0.0,0.0,0.0,0.0,0.0,0.0,0.1823806881209695,0.0,0.0,0.0,0.0,0.0,0.0
went,0.0,0.0,0.0,0.0,0.0,0.0,0.0,0.1910116142090679,0.0,0.0,0.0,0.0,0.0,0.0,0.0,0.0,0.0,0.0
whatsinthebox,0.0,0.0,0.0,0.0,0.0,0.0,0.0,0.0,0.0,0.0,0.0,0.0,0.0,0.0,0.0,0.0,0.2812792607005487,0.0
white,0.0,0.0,0.0,0.09318079134996461,0.0,0.0,0.0,0.0,0.0,0.0,0.0,0.0,0.0,0.0,0.0,0.0,0.0,0.0
willie,0.0,0.0,0.0,0.0,0.0,0.0,0.0,0.445693766487825,0.0,0.0,0.0,0.0,0.0,0.0,0.0,0.0,0.0,0.0
win,0.0,0.0,0.0,0.09318079134996461,0.0,0.0,0.0,0.0,0.0,0.0,0.0,0.0,0.0,0.0,0.0,0.0,0.0,0.0
window,0.0,0.0,0.11442733984777648,0.07748449120286026,0.0,0.0,0.0,0.0,0.0,0.0,0.0,0.0,0.0,0.0,0.0,0.0,0.0,0.0
wire,0.0,0.0,0.0,0.0,0.0,0.0,0.0,0.0,0.0,0.0,0.0,0.0,0.0,0.27143821501340354,0.0,0.0,0.0,0.0
woken,0.0,0.0,0.0,0.0,0.0,0.0,0.0,0.0,0.0,0.0,0.0,0.0,0.0,0.0,0.0,0.0,0.0,0.15159321423764988
wondering,0.0,0.0,0.0,0.09318079134996461,0.0,0.0,0.0,0.0,0.0,0.0,0.0,0.0,0.0,0.0,0.0,0.0,0.0,0.0
woods,0.0,0.0,0.0,0.0,0.0,0.0,0.0,0.0,0.0,0.0,0.0,0.0,0.0,0.13571910750670177,0.0,0.0,0.0,0.0
work,0.0,0.0,0.0,0.0,0.0,0.0,0.0,0.0,0.0,0.0,0.0,0.0,0.0,0.0,0.0,0.0,0.0,0.15159321423764988
wrapped,0.0,0.0,0.0,0.0,0.0,0.0,0.0,0.0,0.0,0.0,0.0,0.0,0.0,0.27143821501340354,0.0,0.0,0.0,0.0
wrong,0.0,0.0,0.0,0.0,0.0,0.0,0.0,0.06367053806968928,0.0,0.0,0.0,0.0,0.0,0.0,0.0,0.0,0.0,0.0
years,0.0,0.0,0.05721366992388824,0.0,0.0,0.0,0.0,0.10589047754302192,0.0,0.0,0.0,0.0,0.0,0.0,0.0,0.0,0.0,0.0
young,0.0,0.0,0.0,0.0,0.0,0.0,0.0,0.06367053806968928,0.0,0.0,0.0,0.0,0.0,0.0,0.0,0.0,0.0,0.0
yyc,0.0,0.0,0.0,0.0,0.0,0.0,0.0,0.0,0.0,0.0,0.0,0.0,0.0,0.0,0.21870990353556213,0.0,0.0,0.0
yycers,0.0,0.0,0.0,0.0,0.0,0.0,0.0,0.0,0.0,0.0,0.0,0.0,0.0,0.0,0.21870990353556213,0.0,0.0,0.0
